pair_id,family,compound_id,protein_id,compound_index,protein_index,y_row,y_col,y
NR_00000001,nuclear_receptor,D00040,hsa190,0,0,0,0,0
NR_00000002,nuclear_receptor,D00066,hsa190,1,0,0,1,0
NR_00000003,nuclear_receptor,D00067,hsa190,2,0,0,2,0
NR_00000004,nuclear_receptor,D00075,hsa190,3,0,0,3,0
NR_00000005,nuclear_receptor,D00088,hsa190,4,0,0,4,0
NR_00000006,nuclear_receptor,D00094,hsa190,5,0,0,5,1
NR_00000007,nuclear_receptor,D00105,hsa190,6,0,0,6,0
NR_00000008,nuclear_receptor,D00129,hsa190,7,0,0,7,0
NR_00000009,nuclear_receptor,D00143,hsa190,8,0,0,8,0
NR_00000010,nuclear_receptor,D00163,hsa190,9,0,0,9,0
NR_00000011,nuclear_receptor,D00182,hsa190,10,0,0,10,0
NR_00000012,nuclear_receptor,D00187,hsa190,11,0,0,11,0
NR_00000013,nuclear_receptor,D00188,hsa190,12,0,0,12,0
NR_00000014,nuclear_receptor,D00211,hsa190,13,0,0,13,0
NR_00000015,nuclear_receptor,D00246,hsa190,14,0,0,14,0
NR_00000016,nuclear_receptor,D00279,hsa190,15,0,0,15,0
NR_00000017,nuclear_receptor,D00299,hsa190,16,0,0,16,0
NR_00000018,nuclear_receptor,D00312,hsa190,17,0,0,17,0
NR_00000019,nuclear_receptor,D00316,hsa190,18,0,0,18,0
NR_00000020,nuclear_receptor,D00327,hsa190,19,0,0,19,0
NR_00000021,nuclear_receptor,D00348,hsa190,20,0,0,20,0
NR_00000022,nuclear_receptor,D00443,hsa190,21,0,0,21,0
NR_00000023,nuclear_receptor,D00462,hsa190,22,0,0,22,0
NR_00000024,nuclear_receptor,D00506,hsa190,23,0,0,23,0
NR_00000025,nuclear_receptor,D00554,hsa190,24,0,0,24,0
NR_00000026,nuclear_receptor,D00565,hsa190,25,0,0,25,0
NR_00000027,nuclear_receptor,D00577,hsa190,26,0,0,26,0
NR_00000028,nuclear_receptor,D00585,hsa190,27,0,0,27,0
NR_00000029,nuclear_receptor,D00586,hsa190,28,0,0,28,0
NR_00000030,nuclear_receptor,D00596,hsa190,29,0,0,29,0
NR_00000031,nuclear_receptor,D00627,hsa190,30,0,0,30,0
NR_00000032,nuclear_receptor,D00690,hsa190,31,0,0,31,0
NR_00000033,nuclear_receptor,D00730,hsa190,32,0,0,32,0
NR_00000034,nuclear_receptor,D00898,hsa190,33,0,0,33,0
NR_00000035,nuclear_receptor,D00930,hsa190,34,0,0,34,0
NR_00000036,nuclear_receptor,D00950,hsa190,35,0,0,35,0
NR_00000037,nuclear_receptor,D00951,hsa190,36,0,0,36,0
NR_00000038,nuclear_receptor,D00954,hsa190,37,0,0,37,0
NR_00000039,nuclear_receptor,D00956,hsa190,38,0,0,38,0
NR_00000040,nuclear_receptor,D00961,hsa190,39,0,0,39,0
NR_00000041,nuclear_receptor,D00962,hsa190,40,0,0,40,0
NR_00000042,nuclear_receptor,D00965,hsa190,41,0,0,41,0
NR_00000043,nuclear_receptor,D01115,hsa190,42,0,0,42,0
NR_00000044,nuclear_receptor,D01132,hsa190,43,0,0,43,0
NR_00000045,nuclear_receptor,D01161,hsa190,44,0,0,44,0
NR_00000046,nuclear_receptor,D01217,hsa190,45,0,0,45,0
NR_00000047,nuclear_receptor,D01294,hsa190,46,0,0,46,0
NR_00000048,nuclear_receptor,D01387,hsa190,47,0,0,47,0
NR_00000049,nuclear_receptor,D01441,hsa190,48,0,0,48,0
NR_00000050,nuclear_receptor,D01689,hsa190,49,0,0,49,0
NR_00000051,nuclear_receptor,D02217,hsa190,50,0,0,50,0
NR_00000052,nuclear_receptor,D02367,hsa190,51,0,0,51,0
NR_00000053,nuclear_receptor,D04066,hsa190,52,0,0,52,0
NR_00000054,nuclear_receptor,D05341,hsa190,53,0,0,53,0
NR_00000055,nuclear_receptor,D00040,hsa2099,0,1,1,0,0
NR_00000056,nuclear_receptor,D00066,hsa2099,1,1,1,1,1
NR_00000057,nuclear_receptor,D00067,hsa2099,2,1,1,2,1
NR_00000058,nuclear_receptor,D00075,hsa2099,3,1,1,3,0
NR_00000059,nuclear_receptor,D00088,hsa2099,4,1,1,4,0
NR_00000060,nuclear_receptor,D00094,hsa2099,5,1,1,5,0
NR_00000061,nuclear_receptor,D00105,hsa2099,6,1,1,6,1
NR_00000062,nuclear_receptor,D00129,hsa2099,7,1,1,7,0
NR_00000063,nuclear_receptor,D00143,hsa2099,8,1,1,8,0
NR_00000064,nuclear_receptor,D00163,hsa2099,9,1,1,9,0
NR_00000065,nuclear_receptor,D00182,hsa2099,10,1,1,10,0
NR_00000066,nuclear_receptor,D00187,hsa2099,11,1,1,11,0
NR_00000067,nuclear_receptor,D00188,hsa2099,12,1,1,12,0
NR_00000068,nuclear_receptor,D00211,hsa2099,13,1,1,13,0
NR_00000069,nuclear_receptor,D00246,hsa2099,14,1,1,14,0
NR_00000070,nuclear_receptor,D00279,hsa2099,15,1,1,15,0
NR_00000071,nuclear_receptor,D00299,hsa2099,16,1,1,16,0
NR_00000072,nuclear_receptor,D00312,hsa2099,17,1,1,17,1
NR_00000073,nuclear_receptor,D00316,hsa2099,18,1,1,18,0
NR_00000074,nuclear_receptor,D00327,hsa2099,19,1,1,19,1
NR_00000075,nuclear_receptor,D00348,hsa2099,20,1,1,20,0
NR_00000076,nuclear_receptor,D00443,hsa2099,21,1,1,21,0
NR_00000077,nuclear_receptor,D00462,hsa2099,22,1,1,22,0
NR_00000078,nuclear_receptor,D00506,hsa2099,23,1,1,23,0
NR_00000079,nuclear_receptor,D00554,hsa2099,24,1,1,24,1
NR_00000080,nuclear_receptor,D00565,hsa2099,25,1,1,25,0
NR_00000081,nuclear_receptor,D00577,hsa2099,26,1,1,26,1
NR_00000082,nuclear_receptor,D00585,hsa2099,27,1,1,27,0
NR_00000083,nuclear_receptor,D00586,hsa2099,28,1,1,28,0
NR_00000084,nuclear_receptor,D00596,hsa2099,29,1,1,29,0
NR_00000085,nuclear_receptor,D00627,hsa2099,30,1,1,30,0
NR_00000086,nuclear_receptor,D00690,hsa2099,31,1,1,31,0
NR_00000087,nuclear_receptor,D00730,hsa2099,32,1,1,32,0
NR_00000088,nuclear_receptor,D00898,hsa2099,33,1,1,33,1
NR_00000089,nuclear_receptor,D00930,hsa2099,34,1,1,34,0
NR_00000090,nuclear_receptor,D00950,hsa2099,35,1,1,35,1
NR_00000091,nuclear_receptor,D00951,hsa2099,36,1,1,36,0
NR_00000092,nuclear_receptor,D00954,hsa2099,37,1,1,37,1
NR_00000093,nuclear_receptor,D00956,hsa2099,38,1,1,38,0
NR_00000094,nuclear_receptor,D00961,hsa2099,39,1,1,39,0
NR_00000095,nuclear_receptor,D00962,hsa2099,40,1,1,40,1
NR_00000096,nuclear_receptor,D00965,hsa2099,41,1,1,41,0
NR_00000097,nuclear_receptor,D01115,hsa2099,42,1,1,42,0
NR_00000098,nuclear_receptor,D01132,hsa2099,43,1,1,43,0
NR_00000099,nuclear_receptor,D01161,hsa2099,44,1,1,44,1
NR_00000100,nuclear_receptor,D01217,hsa2099,45,1,1,45,0
NR_00000101,nuclear_receptor,D01294,hsa2099,46,1,1,46,1
NR_00000102,nuclear_receptor,D01387,hsa2099,47,1,1,47,0
NR_00000103,nuclear_receptor,D01441,hsa2099,48,1,1,48,0
NR_00000104,nuclear_receptor,D01689,hsa2099,49,1,1,49,0
NR_00000105,nuclear_receptor,D02217,hsa2099,50,1,1,50,1
NR_00000106,nuclear_receptor,D02367,hsa2099,51,1,1,51,1
NR_00000107,nuclear_receptor,D04066,hsa2099,52,1,1,52,1
NR_00000108,nuclear_receptor,D05341,hsa2099,53,1,1,53,0
NR_00000109,nuclear_receptor,D00040,hsa2100,0,2,2,0,0
NR_00000110,nuclear_receptor,D00066,hsa2100,1,2,2,1,0
NR_00000111,nuclear_receptor,D00067,hsa2100,2,2,2,2,0
NR_00000112,nuclear_receptor,D00075,hsa2100,3,2,2,3,0
NR_00000113,nuclear_receptor,D00088,hsa2100,4,2,2,4,0
NR_00000114,nuclear_receptor,D00094,hsa2100,5,2,2,5,0
NR_00000115,nuclear_receptor,D00105,hsa2100,6,2,2,6,1
NR_00000116,nuclear_receptor,D00129,hsa2100,7,2,2,7,0
NR_00000117,nuclear_receptor,D00143,hsa2100,8,2,2,8,0
NR_00000118,nuclear_receptor,D00163,hsa2100,9,2,2,9,0
NR_00000119,nuclear_receptor,D00182,hsa2100,10,2,2,10,0
NR_00000120,nuclear_receptor,D00187,hsa2100,11,2,2,11,0
NR_00000121,nuclear_receptor,D00188,hsa2100,12,2,2,12,0
NR_00000122,nuclear_receptor,D00211,hsa2100,13,2,2,13,0
NR_00000123,nuclear_receptor,D00246,hsa2100,14,2,2,14,0
NR_00000124,nuclear_receptor,D00279,hsa2100,15,2,2,15,0
NR_00000125,nuclear_receptor,D00299,hsa2100,16,2,2,16,0
NR_00000126,nuclear_receptor,D00312,hsa2100,17,2,2,17,0
NR_00000127,nuclear_receptor,D00316,hsa2100,18,2,2,18,0
NR_00000128,nuclear_receptor,D00327,hsa2100,19,2,2,19,0
NR_00000129,nuclear_receptor,D00348,hsa2100,20,2,2,20,0
NR_00000130,nuclear_receptor,D00443,hsa2100,21,2,2,21,0
NR_00000131,nuclear_receptor,D00462,hsa2100,22,2,2,22,0
NR_00000132,nuclear_receptor,D00506,hsa2100,23,2,2,23,0
NR_00000133,nuclear_receptor,D00554,hsa2100,24,2,2,24,0
NR_00000134,nuclear_receptor,D00565,hsa2100,25,2,2,25,0
NR_00000135,nuclear_receptor,D00577,hsa2100,26,2,2,26,1
NR_00000136,nuclear_receptor,D00585,hsa2100,27,2,2,27,0
NR_00000137,nuclear_receptor,D00586,hsa2100,28,2,2,28,0
NR_00000138,nuclear_receptor,D00596,hsa2100,29,2,2,29,0
NR_00000139,nuclear_receptor,D00627,hsa2100,30,2,2,30,0
NR_00000140,nuclear_receptor,D00690,hsa2100,31,2,2,31,0
NR_00000141,nuclear_receptor,D00730,hsa2100,32,2,2,32,0
NR_00000142,nuclear_receptor,D00898,hsa2100,33,2,2,33,0
NR_00000143,nuclear_receptor,D00930,hsa2100,34,2,2,34,0
NR_00000144,nuclear_receptor,D00950,hsa2100,35,2,2,35,0
NR_00000145,nuclear_receptor,D00951,hsa2100,36,2,2,36,0
NR_00000146,nuclear_receptor,D00954,hsa2100,37,2,2,37,0
NR_00000147,nuclear_receptor,D00956,hsa2100,38,2,2,38,0
NR_00000148,nuclear_receptor,D00961,hsa2100,39,2,2,39,0
NR_00000149,nuclear_receptor,D00962,hsa2100,40,2,2,40,0
NR_00000150,nuclear_receptor,D00965,hsa2100,41,2,2,41,0
NR_00000151,nuclear_receptor,D01115,hsa2100,42,2,2,42,0
NR_00000152,nuclear_receptor,D01132,hsa2100,43,2,2,43,0
NR_00000153,nuclear_receptor,D01161,hsa2100,44,2,2,44,1
NR_00000154,nuclear_receptor,D01217,hsa2100,45,2,2,45,0
NR_00000155,nuclear_receptor,D01294,hsa2100,46,2,2,46,0
NR_00000156,nuclear_receptor,D01387,hsa2100,47,2,2,47,0
NR_00000157,nuclear_receptor,D01441,hsa2100,48,2,2,48,0
NR_00000158,nuclear_receptor,D01689,hsa2100,49,2,2,49,0
NR_00000159,nuclear_receptor,D02217,hsa2100,50,2,2,50,1
NR_00000160,nuclear_receptor,D02367,hsa2100,51,2,2,51,0
NR_00000161,nuclear_receptor,D04066,hsa2100,52,2,2,52,1
NR_00000162,nuclear_receptor,D05341,hsa2100,53,2,2,53,0
NR_00000163,nuclear_receptor,D00040,hsa2101,0,3,3,0,0
NR_00000164,nuclear_receptor,D00066,hsa2101,1,3,3,1,0
NR_00000165,nuclear_receptor,D00067,hsa2101,2,3,3,2,0
NR_00000166,nuclear_receptor,D00075,hsa2101,3,3,3,3,0
NR_00000167,nuclear_receptor,D00088,hsa2101,4,3,3,4,0
NR_00000168,nuclear_receptor,D00094,hsa2101,5,3,3,5,0
NR_00000169,nuclear_receptor,D00105,hsa2101,6,3,3,6,0
NR_00000170,nuclear_receptor,D00129,hsa2101,7,3,3,7,0
NR_00000171,nuclear_receptor,D00143,hsa2101,8,3,3,8,0
NR_00000172,nuclear_receptor,D00163,hsa2101,9,3,3,9,0
NR_00000173,nuclear_receptor,D00182,hsa2101,10,3,3,10,0
NR_00000174,nuclear_receptor,D00187,hsa2101,11,3,3,11,0
NR_00000175,nuclear_receptor,D00188,hsa2101,12,3,3,12,0
NR_00000176,nuclear_receptor,D00211,hsa2101,13,3,3,13,0
NR_00000177,nuclear_receptor,D00246,hsa2101,14,3,3,14,0
NR_00000178,nuclear_receptor,D00279,hsa2101,15,3,3,15,0
NR_00000179,nuclear_receptor,D00299,hsa2101,16,3,3,16,0
NR_00000180,nuclear_receptor,D00312,hsa2101,17,3,3,17,0
NR_00000181,nuclear_receptor,D00316,hsa2101,18,3,3,18,0
NR_00000182,nuclear_receptor,D00327,hsa2101,19,3,3,19,0
NR_00000183,nuclear_receptor,D00348,hsa2101,20,3,3,20,0
NR_00000184,nuclear_receptor,D00443,hsa2101,21,3,3,21,0
NR_00000185,nuclear_receptor,D00462,hsa2101,22,3,3,22,0
NR_00000186,nuclear_receptor,D00506,hsa2101,23,3,3,23,0
NR_00000187,nuclear_receptor,D00554,hsa2101,24,3,3,24,0
NR_00000188,nuclear_receptor,D00565,hsa2101,25,3,3,25,0
NR_00000189,nuclear_receptor,D00577,hsa2101,26,3,3,26,1
NR_00000190,nuclear_receptor,D00585,hsa2101,27,3,3,27,0
NR_00000191,nuclear_receptor,D00586,hsa2101,28,3,3,28,0
NR_00000192,nuclear_receptor,D00596,hsa2101,29,3,3,29,0
NR_00000193,nuclear_receptor,D00627,hsa2101,30,3,3,30,0
NR_00000194,nuclear_receptor,D00690,hsa2101,31,3,3,31,0
NR_00000195,nuclear_receptor,D00730,hsa2101,32,3,3,32,0
NR_00000196,nuclear_receptor,D00898,hsa2101,33,3,3,33,0
NR_00000197,nuclear_receptor,D00930,hsa2101,34,3,3,34,0
NR_00000198,nuclear_receptor,D00950,hsa2101,35,3,3,35,0
NR_00000199,nuclear_receptor,D00951,hsa2101,36,3,3,36,0
NR_00000200,nuclear_receptor,D00954,hsa2101,37,3,3,37,0
NR_00000201,nuclear_receptor,D00956,hsa2101,38,3,3,38,0
NR_00000202,nuclear_receptor,D00961,hsa2101,39,3,3,39,0
NR_00000203,nuclear_receptor,D00962,hsa2101,40,3,3,40,0
NR_00000204,nuclear_receptor,D00965,hsa2101,41,3,3,41,0
NR_00000205,nuclear_receptor,D01115,hsa2101,42,3,3,42,0
NR_00000206,nuclear_receptor,D01132,hsa2101,43,3,3,43,0
NR_00000207,nuclear_receptor,D01161,hsa2101,44,3,3,44,0
NR_00000208,nuclear_receptor,D01217,hsa2101,45,3,3,45,0
NR_00000209,nuclear_receptor,D01294,hsa2101,46,3,3,46,0
NR_00000210,nuclear_receptor,D01387,hsa2101,47,3,3,47,0
NR_00000211,nuclear_receptor,D01441,hsa2101,48,3,3,48,0
NR_00000212,nuclear_receptor,D01689,hsa2101,49,3,3,49,0
NR_00000213,nuclear_receptor,D02217,hsa2101,50,3,3,50,0
NR_00000214,nuclear_receptor,D02367,hsa2101,51,3,3,51,0
NR_00000215,nuclear_receptor,D04066,hsa2101,52,3,3,52,0
NR_00000216,nuclear_receptor,D05341,hsa2101,53,3,3,53,0
NR_00000217,nuclear_receptor,D00040,hsa2103,0,4,4,0,0
NR_00000218,nuclear_receptor,D00066,hsa2103,1,4,4,1,0
NR_00000219,nuclear_receptor,D00067,hsa2103,2,4,4,2,0
NR_00000220,nuclear_receptor,D00075,hsa2103,3,4,4,3,0
NR_00000221,nuclear_receptor,D00088,hsa2103,4,4,4,4,0
NR_00000222,nuclear_receptor,D00094,hsa2103,5,4,4,5,0
NR_00000223,nuclear_receptor,D00105,hsa2103,6,4,4,6,0
NR_00000224,nuclear_receptor,D00129,hsa2103,7,4,4,7,0
NR_00000225,nuclear_receptor,D00143,hsa2103,8,4,4,8,0
NR_00000226,nuclear_receptor,D00163,hsa2103,9,4,4,9,0
NR_00000227,nuclear_receptor,D00182,hsa2103,10,4,4,10,0
NR_00000228,nuclear_receptor,D00187,hsa2103,11,4,4,11,0
NR_00000229,nuclear_receptor,D00188,hsa2103,12,4,4,12,0
NR_00000230,nuclear_receptor,D00211,hsa2103,13,4,4,13,0
NR_00000231,nuclear_receptor,D00246,hsa2103,14,4,4,14,0
NR_00000232,nuclear_receptor,D00279,hsa2103,15,4,4,15,0
NR_00000233,nuclear_receptor,D00299,hsa2103,16,4,4,16,0
NR_00000234,nuclear_receptor,D00312,hsa2103,17,4,4,17,0
NR_00000235,nuclear_receptor,D00316,hsa2103,18,4,4,18,0
NR_00000236,nuclear_receptor,D00327,hsa2103,19,4,4,19,0
NR_00000237,nuclear_receptor,D00348,hsa2103,20,4,4,20,0
NR_00000238,nuclear_receptor,D00443,hsa2103,21,4,4,21,0
NR_00000239,nuclear_receptor,D00462,hsa2103,22,4,4,22,0
NR_00000240,nuclear_receptor,D00506,hsa2103,23,4,4,23,0
NR_00000241,nuclear_receptor,D00554,hsa2103,24,4,4,24,0
NR_00000242,nuclear_receptor,D00565,hsa2103,25,4,4,25,0
NR_00000243,nuclear_receptor,D00577,hsa2103,26,4,4,26,1
NR_00000244,nuclear_receptor,D00585,hsa2103,27,4,4,27,0
NR_00000245,nuclear_receptor,D00586,hsa2103,28,4,4,28,0
NR_00000246,nuclear_receptor,D00596,hsa2103,29,4,4,29,0
NR_00000247,nuclear_receptor,D00627,hsa2103,30,4,4,30,0
NR_00000248,nuclear_receptor,D00690,hsa2103,31,4,4,31,0
NR_00000249,nuclear_receptor,D00730,hsa2103,32,4,4,32,0
NR_00000250,nuclear_receptor,D00898,hsa2103,33,4,4,33,0
NR_00000251,nuclear_receptor,D00930,hsa2103,34,4,4,34,0
NR_00000252,nuclear_receptor,D00950,hsa2103,35,4,4,35,0
NR_00000253,nuclear_receptor,D00951,hsa2103,36,4,4,36,0
NR_00000254,nuclear_receptor,D00954,hsa2103,37,4,4,37,0
NR_00000255,nuclear_receptor,D00956,hsa2103,38,4,4,38,0
NR_00000256,nuclear_receptor,D00961,hsa2103,39,4,4,39,0
NR_00000257,nuclear_receptor,D00962,hsa2103,40,4,4,40,0
NR_00000258,nuclear_receptor,D00965,hsa2103,41,4,4,41,0
NR_00000259,nuclear_receptor,D01115,hsa2103,42,4,4,42,0
NR_00000260,nuclear_receptor,D01132,hsa2103,43,4,4,43,0
NR_00000261,nuclear_receptor,D01161,hsa2103,44,4,4,44,0
NR_00000262,nuclear_receptor,D01217,hsa2103,45,4,4,45,0
NR_00000263,nuclear_receptor,D01294,hsa2103,46,4,4,46,0
NR_00000264,nuclear_receptor,D01387,hsa2103,47,4,4,47,0
NR_00000265,nuclear_receptor,D01441,hsa2103,48,4,4,48,0
NR_00000266,nuclear_receptor,D01689,hsa2103,49,4,4,49,0
NR_00000267,nuclear_receptor,D02217,hsa2103,50,4,4,50,0
NR_00000268,nuclear_receptor,D02367,hsa2103,51,4,4,51,0
NR_00000269,nuclear_receptor,D04066,hsa2103,52,4,4,52,0
NR_00000270,nuclear_receptor,D05341,hsa2103,53,4,4,53,0
NR_00000271,nuclear_receptor,D00040,hsa2104,0,5,5,0,0
NR_00000272,nuclear_receptor,D00066,hsa2104,1,5,5,1,0
NR_00000273,nuclear_receptor,D00067,hsa2104,2,5,5,2,0
NR_00000274,nuclear_receptor,D00075,hsa2104,3,5,5,3,0
NR_00000275,nuclear_receptor,D00088,hsa2104,4,5,5,4,0
NR_00000276,nuclear_receptor,D00094,hsa2104,5,5,5,5,0
NR_00000277,nuclear_receptor,D00105,hsa2104,6,5,5,6,0
NR_00000278,nuclear_receptor,D00129,hsa2104,7,5,5,7,0
NR_00000279,nuclear_receptor,D00143,hsa2104,8,5,5,8,0
NR_00000280,nuclear_receptor,D00163,hsa2104,9,5,5,9,0
NR_00000281,nuclear_receptor,D00182,hsa2104,10,5,5,10,0
NR_00000282,nuclear_receptor,D00187,hsa2104,11,5,5,11,0
NR_00000283,nuclear_receptor,D00188,hsa2104,12,5,5,12,0
NR_00000284,nuclear_receptor,D00211,hsa2104,13,5,5,13,0
NR_00000285,nuclear_receptor,D00246,hsa2104,14,5,5,14,0
NR_00000286,nuclear_receptor,D00279,hsa2104,15,5,5,15,0
NR_00000287,nuclear_receptor,D00299,hsa2104,16,5,5,16,0
NR_00000288,nuclear_receptor,D00312,hsa2104,17,5,5,17,0
NR_00000289,nuclear_receptor,D00316,hsa2104,18,5,5,18,0
NR_00000290,nuclear_receptor,D00327,hsa2104,19,5,5,19,0
NR_00000291,nuclear_receptor,D00348,hsa2104,20,5,5,20,0
NR_00000292,nuclear_receptor,D00443,hsa2104,21,5,5,21,0
NR_00000293,nuclear_receptor,D00462,hsa2104,22,5,5,22,0
NR_00000294,nuclear_receptor,D00506,hsa2104,23,5,5,23,0
NR_00000295,nuclear_receptor,D00554,hsa2104,24,5,5,24,0
NR_00000296,nuclear_receptor,D00565,hsa2104,25,5,5,25,0
NR_00000297,nuclear_receptor,D00577,hsa2104,26,5,5,26,1
NR_00000298,nuclear_receptor,D00585,hsa2104,27,5,5,27,0
NR_00000299,nuclear_receptor,D00586,hsa2104,28,5,5,28,0
NR_00000300,nuclear_receptor,D00596,hsa2104,29,5,5,29,0
NR_00000301,nuclear_receptor,D00627,hsa2104,30,5,5,30,0
NR_00000302,nuclear_receptor,D00690,hsa2104,31,5,5,31,0
NR_00000303,nuclear_receptor,D00730,hsa2104,32,5,5,32,0
NR_00000304,nuclear_receptor,D00898,hsa2104,33,5,5,33,0
NR_00000305,nuclear_receptor,D00930,hsa2104,34,5,5,34,0
NR_00000306,nuclear_receptor,D00950,hsa2104,35,5,5,35,0
NR_00000307,nuclear_receptor,D00951,hsa2104,36,5,5,36,0
NR_00000308,nuclear_receptor,D00954,hsa2104,37,5,5,37,0
NR_00000309,nuclear_receptor,D00956,hsa2104,38,5,5,38,0
NR_00000310,nuclear_receptor,D00961,hsa2104,39,5,5,39,0
NR_00000311,nuclear_receptor,D00962,hsa2104,40,5,5,40,0
NR_00000312,nuclear_receptor,D00965,hsa2104,41,5,5,41,0
NR_00000313,nuclear_receptor,D01115,hsa2104,42,5,5,42,0
NR_00000314,nuclear_receptor,D01132,hsa2104,43,5,5,43,0
NR_00000315,nuclear_receptor,D01161,hsa2104,44,5,5,44,0
NR_00000316,nuclear_receptor,D01217,hsa2104,45,5,5,45,0
NR_00000317,nuclear_receptor,D01294,hsa2104,46,5,5,46,0
NR_00000318,nuclear_receptor,D01387,hsa2104,47,5,5,47,0
NR_00000319,nuclear_receptor,D01441,hsa2104,48,5,5,48,0
NR_00000320,nuclear_receptor,D01689,hsa2104,49,5,5,49,0
NR_00000321,nuclear_receptor,D02217,hsa2104,50,5,5,50,0
NR_00000322,nuclear_receptor,D02367,hsa2104,51,5,5,51,0
NR_00000323,nuclear_receptor,D04066,hsa2104,52,5,5,52,0
NR_00000324,nuclear_receptor,D05341,hsa2104,53,5,5,53,0
NR_00000325,nuclear_receptor,D00040,hsa2908,0,6,6,0,0
NR_00000326,nuclear_receptor,D00066,hsa2908,1,6,6,1,0
NR_00000327,nuclear_receptor,D00067,hsa2908,2,6,6,2,0
NR_00000328,nuclear_receptor,D00075,hsa2908,3,6,6,3,0
NR_00000329,nuclear_receptor,D00088,hsa2908,4,6,6,4,1
NR_00000330,nuclear_receptor,D00094,hsa2908,5,6,6,5,0
NR_00000331,nuclear_receptor,D00105,hsa2908,6,6,6,6,0
NR_00000332,nuclear_receptor,D00129,hsa2908,7,6,6,7,0
NR_00000333,nuclear_receptor,D00143,hsa2908,8,6,6,8,0
NR_00000334,nuclear_receptor,D00163,hsa2908,9,6,6,9,0
NR_00000335,nuclear_receptor,D00182,hsa2908,10,6,6,10,0
NR_00000336,nuclear_receptor,D00187,hsa2908,11,6,6,11,0
NR_00000337,nuclear_receptor,D00188,hsa2908,12,6,6,12,0
NR_00000338,nuclear_receptor,D00211,hsa2908,13,6,6,13,0
NR_00000339,nuclear_receptor,D00246,hsa2908,14,6,6,14,1
NR_00000340,nuclear_receptor,D00279,hsa2908,15,6,6,15,0
NR_00000341,nuclear_receptor,D00299,hsa2908,16,6,6,16,0
NR_00000342,nuclear_receptor,D00312,hsa2908,17,6,6,17,0
NR_00000343,nuclear_receptor,D00316,hsa2908,18,6,6,18,0
NR_00000344,nuclear_receptor,D00327,hsa2908,19,6,6,19,0
NR_00000345,nuclear_receptor,D00348,hsa2908,20,6,6,20,0
NR_00000346,nuclear_receptor,D00443,hsa2908,21,6,6,21,0
NR_00000347,nuclear_receptor,D00462,hsa2908,22,6,6,22,0
NR_00000348,nuclear_receptor,D00506,hsa2908,23,6,6,23,0
NR_00000349,nuclear_receptor,D00554,hsa2908,24,6,6,24,0
NR_00000350,nuclear_receptor,D00565,hsa2908,25,6,6,25,0
NR_00000351,nuclear_receptor,D00577,hsa2908,26,6,6,26,0
NR_00000352,nuclear_receptor,D00585,hsa2908,27,6,6,27,1
NR_00000353,nuclear_receptor,D00586,hsa2908,28,6,6,28,0
NR_00000354,nuclear_receptor,D00596,hsa2908,29,6,6,29,0
NR_00000355,nuclear_receptor,D00627,hsa2908,30,6,6,30,0
NR_00000356,nuclear_receptor,D00690,hsa2908,31,6,6,31,0
NR_00000357,nuclear_receptor,D00730,hsa2908,32,6,6,32,0
NR_00000358,nuclear_receptor,D00898,hsa2908,33,6,6,33,0
NR_00000359,nuclear_receptor,D00930,hsa2908,34,6,6,34,0
NR_00000360,nuclear_receptor,D00950,hsa2908,35,6,6,35,0
NR_00000361,nuclear_receptor,D00951,hsa2908,36,6,6,36,0
NR_00000362,nuclear_receptor,D00954,hsa2908,37,6,6,37,0
NR_00000363,nuclear_receptor,D00956,hsa2908,38,6,6,38,0
NR_00000364,nuclear_receptor,D00961,hsa2908,39,6,6,39,0
NR_00000365,nuclear_receptor,D00962,hsa2908,40,6,6,40,0
NR_00000366,nuclear_receptor,D00965,hsa2908,41,6,6,41,0
NR_00000367,nuclear_receptor,D01115,hsa2908,42,6,6,42,0
NR_00000368,nuclear_receptor,D01132,hsa2908,43,6,6,43,0
NR_00000369,nuclear_receptor,D01161,hsa2908,44,6,6,44,0
NR_00000370,nuclear_receptor,D01217,hsa2908,45,6,6,45,0
NR_00000371,nuclear_receptor,D01294,hsa2908,46,6,6,46,0
NR_00000372,nuclear_receptor,D01387,hsa2908,47,6,6,47,1
NR_00000373,nuclear_receptor,D01441,hsa2908,48,6,6,48,0
NR_00000374,nuclear_receptor,D01689,hsa2908,49,6,6,49,1
NR_00000375,nuclear_receptor,D02217,hsa2908,50,6,6,50,0
NR_00000376,nuclear_receptor,D02367,hsa2908,51,6,6,51,0
NR_00000377,nuclear_receptor,D04066,hsa2908,52,6,6,52,0
NR_00000378,nuclear_receptor,D05341,hsa2908,53,6,6,53,0
NR_00000379,nuclear_receptor,D00040,hsa3174,0,7,7,0,0
NR_00000380,nuclear_receptor,D00066,hsa3174,1,7,7,1,0
NR_00000381,nuclear_receptor,D00067,hsa3174,2,7,7,2,0
NR_00000382,nuclear_receptor,D00075,hsa3174,3,7,7,3,0
NR_00000383,nuclear_receptor,D00088,hsa3174,4,7,7,4,0
NR_00000384,nuclear_receptor,D00094,hsa3174,5,7,7,5,0
NR_00000385,nuclear_receptor,D00105,hsa3174,6,7,7,6,0
NR_00000386,nuclear_receptor,D00129,hsa3174,7,7,7,7,0
NR_00000387,nuclear_receptor,D00143,hsa3174,8,7,7,8,0
NR_00000388,nuclear_receptor,D00163,hsa3174,9,7,7,9,0
NR_00000389,nuclear_receptor,D00182,hsa3174,10,7,7,10,0
NR_00000390,nuclear_receptor,D00187,hsa3174,11,7,7,11,0
NR_00000391,nuclear_receptor,D00188,hsa3174,12,7,7,12,0
NR_00000392,nuclear_receptor,D00211,hsa3174,13,7,7,13,0
NR_00000393,nuclear_receptor,D00246,hsa3174,14,7,7,14,0
NR_00000394,nuclear_receptor,D00279,hsa3174,15,7,7,15,0
NR_00000395,nuclear_receptor,D00299,hsa3174,16,7,7,16,0
NR_00000396,nuclear_receptor,D00312,hsa3174,17,7,7,17,0
NR_00000397,nuclear_receptor,D00316,hsa3174,18,7,7,18,0
NR_00000398,nuclear_receptor,D00327,hsa3174,19,7,7,19,0
NR_00000399,nuclear_receptor,D00348,hsa3174,20,7,7,20,0
NR_00000400,nuclear_receptor,D00443,hsa3174,21,7,7,21,0
NR_00000401,nuclear_receptor,D00462,hsa3174,22,7,7,22,0
NR_00000402,nuclear_receptor,D00506,hsa3174,23,7,7,23,0
NR_00000403,nuclear_receptor,D00554,hsa3174,24,7,7,24,0
NR_00000404,nuclear_receptor,D00565,hsa3174,25,7,7,25,0
NR_00000405,nuclear_receptor,D00577,hsa3174,26,7,7,26,0
NR_00000406,nuclear_receptor,D00585,hsa3174,27,7,7,27,0
NR_00000407,nuclear_receptor,D00586,hsa3174,28,7,7,28,0
NR_00000408,nuclear_receptor,D00596,hsa3174,29,7,7,29,0
NR_00000409,nuclear_receptor,D00627,hsa3174,30,7,7,30,0
NR_00000410,nuclear_receptor,D00690,hsa3174,31,7,7,31,0
NR_00000411,nuclear_receptor,D00730,hsa3174,32,7,7,32,0
NR_00000412,nuclear_receptor,D00898,hsa3174,33,7,7,33,0
NR_00000413,nuclear_receptor,D00930,hsa3174,34,7,7,34,0
NR_00000414,nuclear_receptor,D00950,hsa3174,35,7,7,35,0
NR_00000415,nuclear_receptor,D00951,hsa3174,36,7,7,36,0
NR_00000416,nuclear_receptor,D00954,hsa3174,37,7,7,37,0
NR_00000417,nuclear_receptor,D00956,hsa3174,38,7,7,38,0
NR_00000418,nuclear_receptor,D00961,hsa3174,39,7,7,39,0
NR_00000419,nuclear_receptor,D00962,hsa3174,40,7,7,40,0
NR_00000420,nuclear_receptor,D00965,hsa3174,41,7,7,41,0
NR_00000421,nuclear_receptor,D01115,hsa3174,42,7,7,42,0
NR_00000422,nuclear_receptor,D01132,hsa3174,43,7,7,43,0
NR_00000423,nuclear_receptor,D01161,hsa3174,44,7,7,44,0
NR_00000424,nuclear_receptor,D01217,hsa3174,45,7,7,45,0
NR_00000425,nuclear_receptor,D01294,hsa3174,46,7,7,46,0
NR_00000426,nuclear_receptor,D01387,hsa3174,47,7,7,47,0
NR_00000427,nuclear_receptor,D01441,hsa3174,48,7,7,48,0
NR_00000428,nuclear_receptor,D01689,hsa3174,49,7,7,49,0
NR_00000429,nuclear_receptor,D02217,hsa3174,50,7,7,50,0
NR_00000430,nuclear_receptor,D02367,hsa3174,51,7,7,51,0
NR_00000431,nuclear_receptor,D04066,hsa3174,52,7,7,52,0
NR_00000432,nuclear_receptor,D05341,hsa3174,53,7,7,53,1
NR_00000433,nuclear_receptor,D00040,hsa367,0,8,8,0,0
NR_00000434,nuclear_receptor,D00066,hsa367,1,8,8,1,0
NR_00000435,nuclear_receptor,D00067,hsa367,2,8,8,2,0
NR_00000436,nuclear_receptor,D00075,hsa367,3,8,8,3,1
NR_00000437,nuclear_receptor,D00088,hsa367,4,8,8,4,0
NR_00000438,nuclear_receptor,D00094,hsa367,5,8,8,5,0
NR_00000439,nuclear_receptor,D00105,hsa367,6,8,8,6,0
NR_00000440,nuclear_receptor,D00129,hsa367,7,8,8,7,0
NR_00000441,nuclear_receptor,D00143,hsa367,8,8,8,8,0
NR_00000442,nuclear_receptor,D00163,hsa367,9,8,8,9,0
NR_00000443,nuclear_receptor,D00182,hsa367,10,8,8,10,0
NR_00000444,nuclear_receptor,D00187,hsa367,11,8,8,11,0
NR_00000445,nuclear_receptor,D00188,hsa367,12,8,8,12,0
NR_00000446,nuclear_receptor,D00211,hsa367,13,8,8,13,0
NR_00000447,nuclear_receptor,D00246,hsa367,14,8,8,14,0
NR_00000448,nuclear_receptor,D00279,hsa367,15,8,8,15,0
NR_00000449,nuclear_receptor,D00299,hsa367,16,8,8,16,0
NR_00000450,nuclear_receptor,D00312,hsa367,17,8,8,17,0
NR_00000451,nuclear_receptor,D00316,hsa367,18,8,8,18,0
NR_00000452,nuclear_receptor,D00327,hsa367,19,8,8,19,1
NR_00000453,nuclear_receptor,D00348,hsa367,20,8,8,20,0
NR_00000454,nuclear_receptor,D00443,hsa367,21,8,8,21,0
NR_00000455,nuclear_receptor,D00462,hsa367,22,8,8,22,1
NR_00000456,nuclear_receptor,D00506,hsa367,23,8,8,23,0
NR_00000457,nuclear_receptor,D00554,hsa367,24,8,8,24,0
NR_00000458,nuclear_receptor,D00565,hsa367,25,8,8,25,0
NR_00000459,nuclear_receptor,D00577,hsa367,26,8,8,26,0
NR_00000460,nuclear_receptor,D00585,hsa367,27,8,8,27,1
NR_00000461,nuclear_receptor,D00586,hsa367,28,8,8,28,1
NR_00000462,nuclear_receptor,D00596,hsa367,29,8,8,29,0
NR_00000463,nuclear_receptor,D00627,hsa367,30,8,8,30,0
NR_00000464,nuclear_receptor,D00690,hsa367,31,8,8,31,0
NR_00000465,nuclear_receptor,D00730,hsa367,32,8,8,32,0
NR_00000466,nuclear_receptor,D00898,hsa367,33,8,8,33,0
NR_00000467,nuclear_receptor,D00930,hsa367,34,8,8,34,0
NR_00000468,nuclear_receptor,D00950,hsa367,35,8,8,35,0
NR_00000469,nuclear_receptor,D00951,hsa367,36,8,8,36,0
NR_00000470,nuclear_receptor,D00954,hsa367,37,8,8,37,0
NR_00000471,nuclear_receptor,D00956,hsa367,38,8,8,38,1
NR_00000472,nuclear_receptor,D00961,hsa367,39,8,8,39,1
NR_00000473,nuclear_receptor,D00962,hsa367,40,8,8,40,0
NR_00000474,nuclear_receptor,D00965,hsa367,41,8,8,41,1
NR_00000475,nuclear_receptor,D01115,hsa367,42,8,8,42,0
NR_00000476,nuclear_receptor,D01132,hsa367,43,8,8,43,0
NR_00000477,nuclear_receptor,D01161,hsa367,44,8,8,44,0
NR_00000478,nuclear_receptor,D01217,hsa367,45,8,8,45,0
NR_00000479,nuclear_receptor,D01294,hsa367,46,8,8,46,0
NR_00000480,nuclear_receptor,D01387,hsa367,47,8,8,47,0
NR_00000481,nuclear_receptor,D01441,hsa367,48,8,8,48,0
NR_00000482,nuclear_receptor,D01689,hsa367,49,8,8,49,0
NR_00000483,nuclear_receptor,D02217,hsa367,50,8,8,50,0
NR_00000484,nuclear_receptor,D02367,hsa367,51,8,8,51,0
NR_00000485,nuclear_receptor,D04066,hsa367,52,8,8,52,0
NR_00000486,nuclear_receptor,D05341,hsa367,53,8,8,53,0
NR_00000487,nuclear_receptor,D00040,hsa4306,0,9,9,0,0
NR_00000488,nuclear_receptor,D00066,hsa4306,1,9,9,1,0
NR_00000489,nuclear_receptor,D00067,hsa4306,2,9,9,2,0
NR_00000490,nuclear_receptor,D00075,hsa4306,3,9,9,3,0
NR_00000491,nuclear_receptor,D00088,hsa4306,4,9,9,4,0
NR_00000492,nuclear_receptor,D00094,hsa4306,5,9,9,5,0
NR_00000493,nuclear_receptor,D00105,hsa4306,6,9,9,6,0
NR_00000494,nuclear_receptor,D00129,hsa4306,7,9,9,7,0
NR_00000495,nuclear_receptor,D00143,hsa4306,8,9,9,8,0
NR_00000496,nuclear_receptor,D00163,hsa4306,9,9,9,9,0
NR_00000497,nuclear_receptor,D00182,hsa4306,10,9,9,10,0
NR_00000498,nuclear_receptor,D00187,hsa4306,11,9,9,11,0
NR_00000499,nuclear_receptor,D00188,hsa4306,12,9,9,12,0
NR_00000500,nuclear_receptor,D00211,hsa4306,13,9,9,13,0
NR_00000501,nuclear_receptor,D00246,hsa4306,14,9,9,14,0
NR_00000502,nuclear_receptor,D00279,hsa4306,15,9,9,15,0
NR_00000503,nuclear_receptor,D00299,hsa4306,16,9,9,16,0
NR_00000504,nuclear_receptor,D00312,hsa4306,17,9,9,17,0
NR_00000505,nuclear_receptor,D00316,hsa4306,18,9,9,18,0
NR_00000506,nuclear_receptor,D00327,hsa4306,19,9,9,19,0
NR_00000507,nuclear_receptor,D00348,hsa4306,20,9,9,20,0
NR_00000508,nuclear_receptor,D00443,hsa4306,21,9,9,21,1
NR_00000509,nuclear_receptor,D00462,hsa4306,22,9,9,22,0
NR_00000510,nuclear_receptor,D00506,hsa4306,23,9,9,23,0
NR_00000511,nuclear_receptor,D00554,hsa4306,24,9,9,24,0
NR_00000512,nuclear_receptor,D00565,hsa4306,25,9,9,25,0
NR_00000513,nuclear_receptor,D00577,hsa4306,26,9,9,26,0
NR_00000514,nuclear_receptor,D00585,hsa4306,27,9,9,27,1
NR_00000515,nuclear_receptor,D00586,hsa4306,28,9,9,28,0
NR_00000516,nuclear_receptor,D00596,hsa4306,29,9,9,29,0
NR_00000517,nuclear_receptor,D00627,hsa4306,30,9,9,30,0
NR_00000518,nuclear_receptor,D00690,hsa4306,31,9,9,31,0
NR_00000519,nuclear_receptor,D00730,hsa4306,32,9,9,32,0
NR_00000520,nuclear_receptor,D00898,hsa4306,33,9,9,33,0
NR_00000521,nuclear_receptor,D00930,hsa4306,34,9,9,34,0
NR_00000522,nuclear_receptor,D00950,hsa4306,35,9,9,35,0
NR_00000523,nuclear_receptor,D00951,hsa4306,36,9,9,36,0
NR_00000524,nuclear_receptor,D00954,hsa4306,37,9,9,37,0
NR_00000525,nuclear_receptor,D00956,hsa4306,38,9,9,38,0
NR_00000526,nuclear_receptor,D00961,hsa4306,39,9,9,39,0
NR_00000527,nuclear_receptor,D00962,hsa4306,40,9,9,40,0
NR_00000528,nuclear_receptor,D00965,hsa4306,41,9,9,41,0
NR_00000529,nuclear_receptor,D01115,hsa4306,42,9,9,42,1
NR_00000530,nuclear_receptor,D01132,hsa4306,43,9,9,43,0
NR_00000531,nuclear_receptor,D01161,hsa4306,44,9,9,44,0
NR_00000532,nuclear_receptor,D01217,hsa4306,45,9,9,45,0
NR_00000533,nuclear_receptor,D01294,hsa4306,46,9,9,46,0
NR_00000534,nuclear_receptor,D01387,hsa4306,47,9,9,47,0
NR_00000535,nuclear_receptor,D01441,hsa4306,48,9,9,48,0
NR_00000536,nuclear_receptor,D01689,hsa4306,49,9,9,49,0
NR_00000537,nuclear_receptor,D02217,hsa4306,50,9,9,50,0
NR_00000538,nuclear_receptor,D02367,hsa4306,51,9,9,51,0
NR_00000539,nuclear_receptor,D04066,hsa4306,52,9,9,52,0
NR_00000540,nuclear_receptor,D05341,hsa4306,53,9,9,53,0
NR_00000541,nuclear_receptor,D00040,hsa5241,0,10,10,0,0
NR_00000542,nuclear_receptor,D00066,hsa5241,1,10,10,1,1
NR_00000543,nuclear_receptor,D00067,hsa5241,2,10,10,2,0
NR_00000544,nuclear_receptor,D00075,hsa5241,3,10,10,3,0
NR_00000545,nuclear_receptor,D00088,hsa5241,4,10,10,4,0
NR_00000546,nuclear_receptor,D00094,hsa5241,5,10,10,5,0
NR_00000547,nuclear_receptor,D00105,hsa5241,6,10,10,6,0
NR_00000548,nuclear_receptor,D00129,hsa5241,7,10,10,7,0
NR_00000549,nuclear_receptor,D00143,hsa5241,8,10,10,8,0
NR_00000550,nuclear_receptor,D00163,hsa5241,9,10,10,9,0
NR_00000551,nuclear_receptor,D00182,hsa5241,10,10,10,10,1
NR_00000552,nuclear_receptor,D00187,hsa5241,11,10,10,11,0
NR_00000553,nuclear_receptor,D00188,hsa5241,12,10,10,12,0
NR_00000554,nuclear_receptor,D00211,hsa5241,13,10,10,13,0
NR_00000555,nuclear_receptor,D00246,hsa5241,14,10,10,14,0
NR_00000556,nuclear_receptor,D00279,hsa5241,15,10,10,15,0
NR_00000557,nuclear_receptor,D00299,hsa5241,16,10,10,16,0
NR_00000558,nuclear_receptor,D00312,hsa5241,17,10,10,17,0
NR_00000559,nuclear_receptor,D00316,hsa5241,18,10,10,18,0
NR_00000560,nuclear_receptor,D00327,hsa5241,19,10,10,19,0
NR_00000561,nuclear_receptor,D00348,hsa5241,20,10,10,20,0
NR_00000562,nuclear_receptor,D00443,hsa5241,21,10,10,21,0
NR_00000563,nuclear_receptor,D00462,hsa5241,22,10,10,22,0
NR_00000564,nuclear_receptor,D00506,hsa5241,23,10,10,23,0
NR_00000565,nuclear_receptor,D00554,hsa5241,24,10,10,24,0
NR_00000566,nuclear_receptor,D00565,hsa5241,25,10,10,25,0
NR_00000567,nuclear_receptor,D00577,hsa5241,26,10,10,26,0
NR_00000568,nuclear_receptor,D00585,hsa5241,27,10,10,27,1
NR_00000569,nuclear_receptor,D00586,hsa5241,28,10,10,28,0
NR_00000570,nuclear_receptor,D00596,hsa5241,29,10,10,29,0
NR_00000571,nuclear_receptor,D00627,hsa5241,30,10,10,30,0
NR_00000572,nuclear_receptor,D00690,hsa5241,31,10,10,31,1
NR_00000573,nuclear_receptor,D00730,hsa5241,32,10,10,32,0
NR_00000574,nuclear_receptor,D00898,hsa5241,33,10,10,33,0
NR_00000575,nuclear_receptor,D00930,hsa5241,34,10,10,34,0
NR_00000576,nuclear_receptor,D00950,hsa5241,35,10,10,35,1
NR_00000577,nuclear_receptor,D00951,hsa5241,36,10,10,36,1
NR_00000578,nuclear_receptor,D00954,hsa5241,37,10,10,37,1
NR_00000579,nuclear_receptor,D00956,hsa5241,38,10,10,38,0
NR_00000580,nuclear_receptor,D00961,hsa5241,39,10,10,39,0
NR_00000581,nuclear_receptor,D00962,hsa5241,40,10,10,40,0
NR_00000582,nuclear_receptor,D00965,hsa5241,41,10,10,41,0
NR_00000583,nuclear_receptor,D01115,hsa5241,42,10,10,42,0
NR_00000584,nuclear_receptor,D01132,hsa5241,43,10,10,43,0
NR_00000585,nuclear_receptor,D01161,hsa5241,44,10,10,44,0
NR_00000586,nuclear_receptor,D01217,hsa5241,45,10,10,45,1
NR_00000587,nuclear_receptor,D01294,hsa5241,46,10,10,46,1
NR_00000588,nuclear_receptor,D01387,hsa5241,47,10,10,47,0
NR_00000589,nuclear_receptor,D01441,hsa5241,48,10,10,48,0
NR_00000590,nuclear_receptor,D01689,hsa5241,49,10,10,49,0
NR_00000591,nuclear_receptor,D02217,hsa5241,50,10,10,50,0
NR_00000592,nuclear_receptor,D02367,hsa5241,51,10,10,51,1
NR_00000593,nuclear_receptor,D04066,hsa5241,52,10,10,52,0
NR_00000594,nuclear_receptor,D05341,hsa5241,53,10,10,53,0
NR_00000595,nuclear_receptor,D00040,hsa5465,0,11,11,0,0
NR_00000596,nuclear_receptor,D00066,hsa5465,1,11,11,1,0
NR_00000597,nuclear_receptor,D00067,hsa5465,2,11,11,2,0
NR_00000598,nuclear_receptor,D00075,hsa5465,3,11,11,3,0
NR_00000599,nuclear_receptor,D00088,hsa5465,4,11,11,4,0
NR_00000600,nuclear_receptor,D00094,hsa5465,5,11,11,5,0
NR_00000601,nuclear_receptor,D00105,hsa5465,6,11,11,6,0
NR_00000602,nuclear_receptor,D00129,hsa5465,7,11,11,7,0
NR_00000603,nuclear_receptor,D00143,hsa5465,8,11,11,8,0
NR_00000604,nuclear_receptor,D00163,hsa5465,9,11,11,9,0
NR_00000605,nuclear_receptor,D00182,hsa5465,10,11,11,10,0
NR_00000606,nuclear_receptor,D00187,hsa5465,11,11,11,11,0
NR_00000607,nuclear_receptor,D00188,hsa5465,12,11,11,12,0
NR_00000608,nuclear_receptor,D00211,hsa5465,13,11,11,13,0
NR_00000609,nuclear_receptor,D00246,hsa5465,14,11,11,14,0
NR_00000610,nuclear_receptor,D00279,hsa5465,15,11,11,15,1
NR_00000611,nuclear_receptor,D00299,hsa5465,16,11,11,16,0
NR_00000612,nuclear_receptor,D00312,hsa5465,17,11,11,17,0
NR_00000613,nuclear_receptor,D00316,hsa5465,18,11,11,18,0
NR_00000614,nuclear_receptor,D00327,hsa5465,19,11,11,19,0
NR_00000615,nuclear_receptor,D00348,hsa5465,20,11,11,20,0
NR_00000616,nuclear_receptor,D00443,hsa5465,21,11,11,21,0
NR_00000617,nuclear_receptor,D00462,hsa5465,22,11,11,22,0
NR_00000618,nuclear_receptor,D00506,hsa5465,23,11,11,23,0
NR_00000619,nuclear_receptor,D00554,hsa5465,24,11,11,24,0
NR_00000620,nuclear_receptor,D00565,hsa5465,25,11,11,25,1
NR_00000621,nuclear_receptor,D00577,hsa5465,26,11,11,26,0
NR_00000622,nuclear_receptor,D00585,hsa5465,27,11,11,27,0
NR_00000623,nuclear_receptor,D00586,hsa5465,28,11,11,28,0
NR_00000624,nuclear_receptor,D00596,hsa5465,29,11,11,29,0
NR_00000625,nuclear_receptor,D00627,hsa5465,30,11,11,30,0
NR_00000626,nuclear_receptor,D00690,hsa5465,31,11,11,31,0
NR_00000627,nuclear_receptor,D00730,hsa5465,32,11,11,32,0
NR_00000628,nuclear_receptor,D00898,hsa5465,33,11,11,33,0
NR_00000629,nuclear_receptor,D00930,hsa5465,34,11,11,34,0
NR_00000630,nuclear_receptor,D00950,hsa5465,35,11,11,35,0
NR_00000631,nuclear_receptor,D00951,hsa5465,36,11,11,36,0
NR_00000632,nuclear_receptor,D00954,hsa5465,37,11,11,37,0
NR_00000633,nuclear_receptor,D00956,hsa5465,38,11,11,38,0
NR_00000634,nuclear_receptor,D00961,hsa5465,39,11,11,39,0
NR_00000635,nuclear_receptor,D00962,hsa5465,40,11,11,40,0
NR_00000636,nuclear_receptor,D00965,hsa5465,41,11,11,41,0
NR_00000637,nuclear_receptor,D01115,hsa5465,42,11,11,42,0
NR_00000638,nuclear_receptor,D01132,hsa5465,43,11,11,43,0
NR_00000639,nuclear_receptor,D01161,hsa5465,44,11,11,44,0
NR_00000640,nuclear_receptor,D01217,hsa5465,45,11,11,45,0
NR_00000641,nuclear_receptor,D01294,hsa5465,46,11,11,46,0
NR_00000642,nuclear_receptor,D01387,hsa5465,47,11,11,47,0
NR_00000643,nuclear_receptor,D01441,hsa5465,48,11,11,48,0
NR_00000644,nuclear_receptor,D01689,hsa5465,49,11,11,49,0
NR_00000645,nuclear_receptor,D02217,hsa5465,50,11,11,50,0
NR_00000646,nuclear_receptor,D02367,hsa5465,51,11,11,51,0
NR_00000647,nuclear_receptor,D04066,hsa5465,52,11,11,52,0
NR_00000648,nuclear_receptor,D05341,hsa5465,53,11,11,53,0
NR_00000649,nuclear_receptor,D00040,hsa5468,0,12,12,0,0
NR_00000650,nuclear_receptor,D00066,hsa5468,1,12,12,1,0
NR_00000651,nuclear_receptor,D00067,hsa5468,2,12,12,2,0
NR_00000652,nuclear_receptor,D00075,hsa5468,3,12,12,3,0
NR_00000653,nuclear_receptor,D00088,hsa5468,4,12,12,4,0
NR_00000654,nuclear_receptor,D00094,hsa5468,5,12,12,5,0
NR_00000655,nuclear_receptor,D00105,hsa5468,6,12,12,6,0
NR_00000656,nuclear_receptor,D00129,hsa5468,7,12,12,7,0
NR_00000657,nuclear_receptor,D00143,hsa5468,8,12,12,8,0
NR_00000658,nuclear_receptor,D00163,hsa5468,9,12,12,9,0
NR_00000659,nuclear_receptor,D00182,hsa5468,10,12,12,10,0
NR_00000660,nuclear_receptor,D00187,hsa5468,11,12,12,11,0
NR_00000661,nuclear_receptor,D00188,hsa5468,12,12,12,12,0
NR_00000662,nuclear_receptor,D00211,hsa5468,13,12,12,13,0
NR_00000663,nuclear_receptor,D00246,hsa5468,14,12,12,14,0
NR_00000664,nuclear_receptor,D00279,hsa5468,15,12,12,15,0
NR_00000665,nuclear_receptor,D00299,hsa5468,16,12,12,16,0
NR_00000666,nuclear_receptor,D00312,hsa5468,17,12,12,17,0
NR_00000667,nuclear_receptor,D00316,hsa5468,18,12,12,18,0
NR_00000668,nuclear_receptor,D00327,hsa5468,19,12,12,19,0
NR_00000669,nuclear_receptor,D00348,hsa5468,20,12,12,20,0
NR_00000670,nuclear_receptor,D00443,hsa5468,21,12,12,21,0
NR_00000671,nuclear_receptor,D00462,hsa5468,22,12,12,22,0
NR_00000672,nuclear_receptor,D00506,hsa5468,23,12,12,23,0
NR_00000673,nuclear_receptor,D00554,hsa5468,24,12,12,24,0
NR_00000674,nuclear_receptor,D00565,hsa5468,25,12,12,25,0
NR_00000675,nuclear_receptor,D00577,hsa5468,26,12,12,26,0
NR_00000676,nuclear_receptor,D00585,hsa5468,27,12,12,27,0
NR_00000677,nuclear_receptor,D00586,hsa5468,28,12,12,28,0
NR_00000678,nuclear_receptor,D00596,hsa5468,29,12,12,29,1
NR_00000679,nuclear_receptor,D00627,hsa5468,30,12,12,30,1
NR_00000680,nuclear_receptor,D00690,hsa5468,31,12,12,31,0
NR_00000681,nuclear_receptor,D00730,hsa5468,32,12,12,32,0
NR_00000682,nuclear_receptor,D00898,hsa5468,33,12,12,33,0
NR_00000683,nuclear_receptor,D00930,hsa5468,34,12,12,34,0
NR_00000684,nuclear_receptor,D00950,hsa5468,35,12,12,35,0
NR_00000685,nuclear_receptor,D00951,hsa5468,36,12,12,36,0
NR_00000686,nuclear_receptor,D00954,hsa5468,37,12,12,37,0
NR_00000687,nuclear_receptor,D00956,hsa5468,38,12,12,38,0
NR_00000688,nuclear_receptor,D00961,hsa5468,39,12,12,39,0
NR_00000689,nuclear_receptor,D00962,hsa5468,40,12,12,40,0
NR_00000690,nuclear_receptor,D00965,hsa5468,41,12,12,41,0
NR_00000691,nuclear_receptor,D01115,hsa5468,42,12,12,42,0
NR_00000692,nuclear_receptor,D01132,hsa5468,43,12,12,43,0
NR_00000693,nuclear_receptor,D01161,hsa5468,44,12,12,44,0
NR_00000694,nuclear_receptor,D01217,hsa5468,45,12,12,45,0
NR_00000695,nuclear_receptor,D01294,hsa5468,46,12,12,46,0
NR_00000696,nuclear_receptor,D01387,hsa5468,47,12,12,47,0
NR_00000697,nuclear_receptor,D01441,hsa5468,48,12,12,48,0
NR_00000698,nuclear_receptor,D01689,hsa5468,49,12,12,49,0
NR_00000699,nuclear_receptor,D02217,hsa5468,50,12,12,50,0
NR_00000700,nuclear_receptor,D02367,hsa5468,51,12,12,51,0
NR_00000701,nuclear_receptor,D04066,hsa5468,52,12,12,52,0
NR_00000702,nuclear_receptor,D05341,hsa5468,53,12,12,53,0
NR_00000703,nuclear_receptor,D00040,hsa5914,0,13,13,0,0
NR_00000704,nuclear_receptor,D00066,hsa5914,1,13,13,1,0
NR_00000705,nuclear_receptor,D00067,hsa5914,2,13,13,2,0
NR_00000706,nuclear_receptor,D00075,hsa5914,3,13,13,3,0
NR_00000707,nuclear_receptor,D00088,hsa5914,4,13,13,4,0
NR_00000708,nuclear_receptor,D00094,hsa5914,5,13,13,5,1
NR_00000709,nuclear_receptor,D00105,hsa5914,6,13,13,6,0
NR_00000710,nuclear_receptor,D00129,hsa5914,7,13,13,7,0
NR_00000711,nuclear_receptor,D00143,hsa5914,8,13,13,8,0
NR_00000712,nuclear_receptor,D00163,hsa5914,9,13,13,9,0
NR_00000713,nuclear_receptor,D00182,hsa5914,10,13,13,10,0
NR_00000714,nuclear_receptor,D00187,hsa5914,11,13,13,11,0
NR_00000715,nuclear_receptor,D00188,hsa5914,12,13,13,12,0
NR_00000716,nuclear_receptor,D00211,hsa5914,13,13,13,13,0
NR_00000717,nuclear_receptor,D00246,hsa5914,14,13,13,14,0
NR_00000718,nuclear_receptor,D00279,hsa5914,15,13,13,15,0
NR_00000719,nuclear_receptor,D00299,hsa5914,16,13,13,16,0
NR_00000720,nuclear_receptor,D00312,hsa5914,17,13,13,17,0
NR_00000721,nuclear_receptor,D00316,hsa5914,18,13,13,18,1
NR_00000722,nuclear_receptor,D00327,hsa5914,19,13,13,19,0
NR_00000723,nuclear_receptor,D00348,hsa5914,20,13,13,20,1
NR_00000724,nuclear_receptor,D00443,hsa5914,21,13,13,21,0
NR_00000725,nuclear_receptor,D00462,hsa5914,22,13,13,22,0
NR_00000726,nuclear_receptor,D00506,hsa5914,23,13,13,23,0
NR_00000727,nuclear_receptor,D00554,hsa5914,24,13,13,24,0
NR_00000728,nuclear_receptor,D00565,hsa5914,25,13,13,25,0
NR_00000729,nuclear_receptor,D00577,hsa5914,26,13,13,26,0
NR_00000730,nuclear_receptor,D00585,hsa5914,27,13,13,27,0
NR_00000731,nuclear_receptor,D00586,hsa5914,28,13,13,28,0
NR_00000732,nuclear_receptor,D00596,hsa5914,29,13,13,29,0
NR_00000733,nuclear_receptor,D00627,hsa5914,30,13,13,30,0
NR_00000734,nuclear_receptor,D00690,hsa5914,31,13,13,31,0
NR_00000735,nuclear_receptor,D00730,hsa5914,32,13,13,32,0
NR_00000736,nuclear_receptor,D00898,hsa5914,33,13,13,33,0
NR_00000737,nuclear_receptor,D00930,hsa5914,34,13,13,34,0
NR_00000738,nuclear_receptor,D00950,hsa5914,35,13,13,35,0
NR_00000739,nuclear_receptor,D00951,hsa5914,36,13,13,36,0
NR_00000740,nuclear_receptor,D00954,hsa5914,37,13,13,37,0
NR_00000741,nuclear_receptor,D00956,hsa5914,38,13,13,38,0
NR_00000742,nuclear_receptor,D00961,hsa5914,39,13,13,39,0
NR_00000743,nuclear_receptor,D00962,hsa5914,40,13,13,40,0
NR_00000744,nuclear_receptor,D00965,hsa5914,41,13,13,41,0
NR_00000745,nuclear_receptor,D01115,hsa5914,42,13,13,42,0
NR_00000746,nuclear_receptor,D01132,hsa5914,43,13,13,43,1
NR_00000747,nuclear_receptor,D01161,hsa5914,44,13,13,44,0
NR_00000748,nuclear_receptor,D01217,hsa5914,45,13,13,45,0
NR_00000749,nuclear_receptor,D01294,hsa5914,46,13,13,46,0
NR_00000750,nuclear_receptor,D01387,hsa5914,47,13,13,47,0
NR_00000751,nuclear_receptor,D01441,hsa5914,48,13,13,48,0
NR_00000752,nuclear_receptor,D01689,hsa5914,49,13,13,49,0
NR_00000753,nuclear_receptor,D02217,hsa5914,50,13,13,50,0
NR_00000754,nuclear_receptor,D02367,hsa5914,51,13,13,51,0
NR_00000755,nuclear_receptor,D04066,hsa5914,52,13,13,52,0
NR_00000756,nuclear_receptor,D05341,hsa5914,53,13,13,53,0
NR_00000757,nuclear_receptor,D00040,hsa5915,0,14,14,0,0
NR_00000758,nuclear_receptor,D00066,hsa5915,1,14,14,1,0
NR_00000759,nuclear_receptor,D00067,hsa5915,2,14,14,2,0
NR_00000760,nuclear_receptor,D00075,hsa5915,3,14,14,3,0
NR_00000761,nuclear_receptor,D00088,hsa5915,4,14,14,4,0
NR_00000762,nuclear_receptor,D00094,hsa5915,5,14,14,5,1
NR_00000763,nuclear_receptor,D00105,hsa5915,6,14,14,6,0
NR_00000764,nuclear_receptor,D00129,hsa5915,7,14,14,7,0
NR_00000765,nuclear_receptor,D00143,hsa5915,8,14,14,8,0
NR_00000766,nuclear_receptor,D00163,hsa5915,9,14,14,9,0
NR_00000767,nuclear_receptor,D00182,hsa5915,10,14,14,10,0
NR_00000768,nuclear_receptor,D00187,hsa5915,11,14,14,11,0
NR_00000769,nuclear_receptor,D00188,hsa5915,12,14,14,12,0
NR_00000770,nuclear_receptor,D00211,hsa5915,13,14,14,13,0
NR_00000771,nuclear_receptor,D00246,hsa5915,14,14,14,14,0
NR_00000772,nuclear_receptor,D00279,hsa5915,15,14,14,15,0
NR_00000773,nuclear_receptor,D00299,hsa5915,16,14,14,16,0
NR_00000774,nuclear_receptor,D00312,hsa5915,17,14,14,17,0
NR_00000775,nuclear_receptor,D00316,hsa5915,18,14,14,18,1
NR_00000776,nuclear_receptor,D00327,hsa5915,19,14,14,19,0
NR_00000777,nuclear_receptor,D00348,hsa5915,20,14,14,20,0
NR_00000778,nuclear_receptor,D00443,hsa5915,21,14,14,21,0
NR_00000779,nuclear_receptor,D00462,hsa5915,22,14,14,22,0
NR_00000780,nuclear_receptor,D00506,hsa5915,23,14,14,23,0
NR_00000781,nuclear_receptor,D00554,hsa5915,24,14,14,24,0
NR_00000782,nuclear_receptor,D00565,hsa5915,25,14,14,25,0
NR_00000783,nuclear_receptor,D00577,hsa5915,26,14,14,26,0
NR_00000784,nuclear_receptor,D00585,hsa5915,27,14,14,27,0
NR_00000785,nuclear_receptor,D00586,hsa5915,28,14,14,28,0
NR_00000786,nuclear_receptor,D00596,hsa5915,29,14,14,29,0
NR_00000787,nuclear_receptor,D00627,hsa5915,30,14,14,30,0
NR_00000788,nuclear_receptor,D00690,hsa5915,31,14,14,31,0
NR_00000789,nuclear_receptor,D00730,hsa5915,32,14,14,32,0
NR_00000790,nuclear_receptor,D00898,hsa5915,33,14,14,33,0
NR_00000791,nuclear_receptor,D00930,hsa5915,34,14,14,34,0
NR_00000792,nuclear_receptor,D00950,hsa5915,35,14,14,35,0
NR_00000793,nuclear_receptor,D00951,hsa5915,36,14,14,36,0
NR_00000794,nuclear_receptor,D00954,hsa5915,37,14,14,37,0
NR_00000795,nuclear_receptor,D00956,hsa5915,38,14,14,38,0
NR_00000796,nuclear_receptor,D00961,hsa5915,39,14,14,39,0
NR_00000797,nuclear_receptor,D00962,hsa5915,40,14,14,40,0
NR_00000798,nuclear_receptor,D00965,hsa5915,41,14,14,41,0
NR_00000799,nuclear_receptor,D01115,hsa5915,42,14,14,42,0
NR_00000800,nuclear_receptor,D01132,hsa5915,43,14,14,43,1
NR_00000801,nuclear_receptor,D01161,hsa5915,44,14,14,44,0
NR_00000802,nuclear_receptor,D01217,hsa5915,45,14,14,45,0
NR_00000803,nuclear_receptor,D01294,hsa5915,46,14,14,46,0
NR_00000804,nuclear_receptor,D01387,hsa5915,47,14,14,47,0
NR_00000805,nuclear_receptor,D01441,hsa5915,48,14,14,48,0
NR_00000806,nuclear_receptor,D01689,hsa5915,49,14,14,49,0
NR_00000807,nuclear_receptor,D02217,hsa5915,50,14,14,50,0
NR_00000808,nuclear_receptor,D02367,hsa5915,51,14,14,51,0
NR_00000809,nuclear_receptor,D04066,hsa5915,52,14,14,52,0
NR_00000810,nuclear_receptor,D05341,hsa5915,53,14,14,53,0
NR_00000811,nuclear_receptor,D00040,hsa5916,0,15,15,0,0
NR_00000812,nuclear_receptor,D00066,hsa5916,1,15,15,1,0
NR_00000813,nuclear_receptor,D00067,hsa5916,2,15,15,2,0
NR_00000814,nuclear_receptor,D00075,hsa5916,3,15,15,3,0
NR_00000815,nuclear_receptor,D00088,hsa5916,4,15,15,4,0
NR_00000816,nuclear_receptor,D00094,hsa5916,5,15,15,5,1
NR_00000817,nuclear_receptor,D00105,hsa5916,6,15,15,6,0
NR_00000818,nuclear_receptor,D00129,hsa5916,7,15,15,7,0
NR_00000819,nuclear_receptor,D00143,hsa5916,8,15,15,8,0
NR_00000820,nuclear_receptor,D00163,hsa5916,9,15,15,9,0
NR_00000821,nuclear_receptor,D00182,hsa5916,10,15,15,10,0
NR_00000822,nuclear_receptor,D00187,hsa5916,11,15,15,11,0
NR_00000823,nuclear_receptor,D00188,hsa5916,12,15,15,12,0
NR_00000824,nuclear_receptor,D00211,hsa5916,13,15,15,13,0
NR_00000825,nuclear_receptor,D00246,hsa5916,14,15,15,14,0
NR_00000826,nuclear_receptor,D00279,hsa5916,15,15,15,15,0
NR_00000827,nuclear_receptor,D00299,hsa5916,16,15,15,16,0
NR_00000828,nuclear_receptor,D00312,hsa5916,17,15,15,17,0
NR_00000829,nuclear_receptor,D00316,hsa5916,18,15,15,18,1
NR_00000830,nuclear_receptor,D00327,hsa5916,19,15,15,19,0
NR_00000831,nuclear_receptor,D00348,hsa5916,20,15,15,20,0
NR_00000832,nuclear_receptor,D00443,hsa5916,21,15,15,21,0
NR_00000833,nuclear_receptor,D00462,hsa5916,22,15,15,22,0
NR_00000834,nuclear_receptor,D00506,hsa5916,23,15,15,23,0
NR_00000835,nuclear_receptor,D00554,hsa5916,24,15,15,24,0
NR_00000836,nuclear_receptor,D00565,hsa5916,25,15,15,25,0
NR_00000837,nuclear_receptor,D00577,hsa5916,26,15,15,26,0
NR_00000838,nuclear_receptor,D00585,hsa5916,27,15,15,27,0
NR_00000839,nuclear_receptor,D00586,hsa5916,28,15,15,28,0
NR_00000840,nuclear_receptor,D00596,hsa5916,29,15,15,29,0
NR_00000841,nuclear_receptor,D00627,hsa5916,30,15,15,30,0
NR_00000842,nuclear_receptor,D00690,hsa5916,31,15,15,31,0
NR_00000843,nuclear_receptor,D00730,hsa5916,32,15,15,32,0
NR_00000844,nuclear_receptor,D00898,hsa5916,33,15,15,33,0
NR_00000845,nuclear_receptor,D00930,hsa5916,34,15,15,34,0
NR_00000846,nuclear_receptor,D00950,hsa5916,35,15,15,35,0
NR_00000847,nuclear_receptor,D00951,hsa5916,36,15,15,36,0
NR_00000848,nuclear_receptor,D00954,hsa5916,37,15,15,37,0
NR_00000849,nuclear_receptor,D00956,hsa5916,38,15,15,38,0
NR_00000850,nuclear_receptor,D00961,hsa5916,39,15,15,39,0
NR_00000851,nuclear_receptor,D00962,hsa5916,40,15,15,40,0
NR_00000852,nuclear_receptor,D00965,hsa5916,41,15,15,41,0
NR_00000853,nuclear_receptor,D01115,hsa5916,42,15,15,42,0
NR_00000854,nuclear_receptor,D01132,hsa5916,43,15,15,43,1
NR_00000855,nuclear_receptor,D01161,hsa5916,44,15,15,44,0
NR_00000856,nuclear_receptor,D01217,hsa5916,45,15,15,45,0
NR_00000857,nuclear_receptor,D01294,hsa5916,46,15,15,46,0
NR_00000858,nuclear_receptor,D01387,hsa5916,47,15,15,47,0
NR_00000859,nuclear_receptor,D01441,hsa5916,48,15,15,48,0
NR_00000860,nuclear_receptor,D01689,hsa5916,49,15,15,49,0
NR_00000861,nuclear_receptor,D02217,hsa5916,50,15,15,50,0
NR_00000862,nuclear_receptor,D02367,hsa5916,51,15,15,51,0
NR_00000863,nuclear_receptor,D04066,hsa5916,52,15,15,52,0
NR_00000864,nuclear_receptor,D05341,hsa5916,53,15,15,53,0
NR_00000865,nuclear_receptor,D00040,hsa6095,0,16,16,0,1
NR_00000866,nuclear_receptor,D00066,hsa6095,1,16,16,1,0
NR_00000867,nuclear_receptor,D00067,hsa6095,2,16,16,2,0
NR_00000868,nuclear_receptor,D00075,hsa6095,3,16,16,3,0
NR_00000869,nuclear_receptor,D00088,hsa6095,4,16,16,4,0
NR_00000870,nuclear_receptor,D00094,hsa6095,5,16,16,5,0
NR_00000871,nuclear_receptor,D00105,hsa6095,6,16,16,6,0
NR_00000872,nuclear_receptor,D00129,hsa6095,7,16,16,7,0
NR_00000873,nuclear_receptor,D00143,hsa6095,8,16,16,8,0
NR_00000874,nuclear_receptor,D00163,hsa6095,9,16,16,9,0
NR_00000875,nuclear_receptor,D00182,hsa6095,10,16,16,10,0
NR_00000876,nuclear_receptor,D00187,hsa6095,11,16,16,11,0
NR_00000877,nuclear_receptor,D00188,hsa6095,12,16,16,12,0
NR_00000878,nuclear_receptor,D00211,hsa6095,13,16,16,13,0
NR_00000879,nuclear_receptor,D00246,hsa6095,14,16,16,14,0
NR_00000880,nuclear_receptor,D00279,hsa6095,15,16,16,15,0
NR_00000881,nuclear_receptor,D00299,hsa6095,16,16,16,16,0
NR_00000882,nuclear_receptor,D00312,hsa6095,17,16,16,17,0
NR_00000883,nuclear_receptor,D00316,hsa6095,18,16,16,18,0
NR_00000884,nuclear_receptor,D00327,hsa6095,19,16,16,19,0
NR_00000885,nuclear_receptor,D00348,hsa6095,20,16,16,20,0
NR_00000886,nuclear_receptor,D00443,hsa6095,21,16,16,21,0
NR_00000887,nuclear_receptor,D00462,hsa6095,22,16,16,22,0
NR_00000888,nuclear_receptor,D00506,hsa6095,23,16,16,23,0
NR_00000889,nuclear_receptor,D00554,hsa6095,24,16,16,24,0
NR_00000890,nuclear_receptor,D00565,hsa6095,25,16,16,25,0
NR_00000891,nuclear_receptor,D00577,hsa6095,26,16,16,26,0
NR_00000892,nuclear_receptor,D00585,hsa6095,27,16,16,27,0
NR_00000893,nuclear_receptor,D00586,hsa6095,28,16,16,28,0
NR_00000894,nuclear_receptor,D00596,hsa6095,29,16,16,29,0
NR_00000895,nuclear_receptor,D00627,hsa6095,30,16,16,30,0
NR_00000896,nuclear_receptor,D00690,hsa6095,31,16,16,31,0
NR_00000897,nuclear_receptor,D00730,hsa6095,32,16,16,32,0
NR_00000898,nuclear_receptor,D00898,hsa6095,33,16,16,33,0
NR_00000899,nuclear_receptor,D00930,hsa6095,34,16,16,34,0
NR_00000900,nuclear_receptor,D00950,hsa6095,35,16,16,35,0
NR_00000901,nuclear_receptor,D00951,hsa6095,36,16,16,36,0
NR_00000902,nuclear_receptor,D00954,hsa6095,37,16,16,37,0
NR_00000903,nuclear_receptor,D00956,hsa6095,38,16,16,38,0
NR_00000904,nuclear_receptor,D00961,hsa6095,39,16,16,39,0
NR_00000905,nuclear_receptor,D00962,hsa6095,40,16,16,40,0
NR_00000906,nuclear_receptor,D00965,hsa6095,41,16,16,41,0
NR_00000907,nuclear_receptor,D01115,hsa6095,42,16,16,42,0
NR_00000908,nuclear_receptor,D01132,hsa6095,43,16,16,43,0
NR_00000909,nuclear_receptor,D01161,hsa6095,44,16,16,44,0
NR_00000910,nuclear_receptor,D01217,hsa6095,45,16,16,45,0
NR_00000911,nuclear_receptor,D01294,hsa6095,46,16,16,46,0
NR_00000912,nuclear_receptor,D01387,hsa6095,47,16,16,47,0
NR_00000913,nuclear_receptor,D01441,hsa6095,48,16,16,48,1
NR_00000914,nuclear_receptor,D01689,hsa6095,49,16,16,49,0
NR_00000915,nuclear_receptor,D02217,hsa6095,50,16,16,50,0
NR_00000916,nuclear_receptor,D02367,hsa6095,51,16,16,51,0
NR_00000917,nuclear_receptor,D04066,hsa6095,52,16,16,52,0
NR_00000918,nuclear_receptor,D05341,hsa6095,53,16,16,53,0
NR_00000919,nuclear_receptor,D00040,hsa6096,0,17,17,0,0
NR_00000920,nuclear_receptor,D00066,hsa6096,1,17,17,1,0
NR_00000921,nuclear_receptor,D00067,hsa6096,2,17,17,2,0
NR_00000922,nuclear_receptor,D00075,hsa6096,3,17,17,3,0
NR_00000923,nuclear_receptor,D00088,hsa6096,4,17,17,4,0
NR_00000924,nuclear_receptor,D00094,hsa6096,5,17,17,5,1
NR_00000925,nuclear_receptor,D00105,hsa6096,6,17,17,6,0
NR_00000926,nuclear_receptor,D00129,hsa6096,7,17,17,7,0
NR_00000927,nuclear_receptor,D00143,hsa6096,8,17,17,8,0
NR_00000928,nuclear_receptor,D00163,hsa6096,9,17,17,9,0
NR_00000929,nuclear_receptor,D00182,hsa6096,10,17,17,10,0
NR_00000930,nuclear_receptor,D00187,hsa6096,11,17,17,11,0
NR_00000931,nuclear_receptor,D00188,hsa6096,12,17,17,12,0
NR_00000932,nuclear_receptor,D00211,hsa6096,13,17,17,13,0
NR_00000933,nuclear_receptor,D00246,hsa6096,14,17,17,14,0
NR_00000934,nuclear_receptor,D00279,hsa6096,15,17,17,15,0
NR_00000935,nuclear_receptor,D00299,hsa6096,16,17,17,16,0
NR_00000936,nuclear_receptor,D00312,hsa6096,17,17,17,17,0
NR_00000937,nuclear_receptor,D00316,hsa6096,18,17,17,18,0
NR_00000938,nuclear_receptor,D00327,hsa6096,19,17,17,19,0
NR_00000939,nuclear_receptor,D00348,hsa6096,20,17,17,20,0
NR_00000940,nuclear_receptor,D00443,hsa6096,21,17,17,21,0
NR_00000941,nuclear_receptor,D00462,hsa6096,22,17,17,22,0
NR_00000942,nuclear_receptor,D00506,hsa6096,23,17,17,23,0
NR_00000943,nuclear_receptor,D00554,hsa6096,24,17,17,24,0
NR_00000944,nuclear_receptor,D00565,hsa6096,25,17,17,25,0
NR_00000945,nuclear_receptor,D00577,hsa6096,26,17,17,26,0
NR_00000946,nuclear_receptor,D00585,hsa6096,27,17,17,27,0
NR_00000947,nuclear_receptor,D00586,hsa6096,28,17,17,28,0
NR_00000948,nuclear_receptor,D00596,hsa6096,29,17,17,29,0
NR_00000949,nuclear_receptor,D00627,hsa6096,30,17,17,30,0
NR_00000950,nuclear_receptor,D00690,hsa6096,31,17,17,31,0
NR_00000951,nuclear_receptor,D00730,hsa6096,32,17,17,32,0
NR_00000952,nuclear_receptor,D00898,hsa6096,33,17,17,33,0
NR_00000953,nuclear_receptor,D00930,hsa6096,34,17,17,34,0
NR_00000954,nuclear_receptor,D00950,hsa6096,35,17,17,35,0
NR_00000955,nuclear_receptor,D00951,hsa6096,36,17,17,36,0
NR_00000956,nuclear_receptor,D00954,hsa6096,37,17,17,37,0
NR_00000957,nuclear_receptor,D00956,hsa6096,38,17,17,38,0
NR_00000958,nuclear_receptor,D00961,hsa6096,39,17,17,39,0
NR_00000959,nuclear_receptor,D00962,hsa6096,40,17,17,40,0
NR_00000960,nuclear_receptor,D00965,hsa6096,41,17,17,41,0
NR_00000961,nuclear_receptor,D01115,hsa6096,42,17,17,42,0
NR_00000962,nuclear_receptor,D01132,hsa6096,43,17,17,43,1
NR_00000963,nuclear_receptor,D01161,hsa6096,44,17,17,44,0
NR_00000964,nuclear_receptor,D01217,hsa6096,45,17,17,45,0
NR_00000965,nuclear_receptor,D01294,hsa6096,46,17,17,46,0
NR_00000966,nuclear_receptor,D01387,hsa6096,47,17,17,47,0
NR_00000967,nuclear_receptor,D01441,hsa6096,48,17,17,48,0
NR_00000968,nuclear_receptor,D01689,hsa6096,49,17,17,49,0
NR_00000969,nuclear_receptor,D02217,hsa6096,50,17,17,50,0
NR_00000970,nuclear_receptor,D02367,hsa6096,51,17,17,51,0
NR_00000971,nuclear_receptor,D04066,hsa6096,52,17,17,52,0
NR_00000972,nuclear_receptor,D05341,hsa6096,53,17,17,53,0
NR_00000973,nuclear_receptor,D00040,hsa6097,0,18,18,0,0
NR_00000974,nuclear_receptor,D00066,hsa6097,1,18,18,1,0
NR_00000975,nuclear_receptor,D00067,hsa6097,2,18,18,2,0
NR_00000976,nuclear_receptor,D00075,hsa6097,3,18,18,3,0
NR_00000977,nuclear_receptor,D00088,hsa6097,4,18,18,4,0
NR_00000978,nuclear_receptor,D00094,hsa6097,5,18,18,5,1
NR_00000979,nuclear_receptor,D00105,hsa6097,6,18,18,6,0
NR_00000980,nuclear_receptor,D00129,hsa6097,7,18,18,7,0
NR_00000981,nuclear_receptor,D00143,hsa6097,8,18,18,8,0
NR_00000982,nuclear_receptor,D00163,hsa6097,9,18,18,9,0
NR_00000983,nuclear_receptor,D00182,hsa6097,10,18,18,10,0
NR_00000984,nuclear_receptor,D00187,hsa6097,11,18,18,11,0
NR_00000985,nuclear_receptor,D00188,hsa6097,12,18,18,12,0
NR_00000986,nuclear_receptor,D00211,hsa6097,13,18,18,13,0
NR_00000987,nuclear_receptor,D00246,hsa6097,14,18,18,14,0
NR_00000988,nuclear_receptor,D00279,hsa6097,15,18,18,15,0
NR_00000989,nuclear_receptor,D00299,hsa6097,16,18,18,16,0
NR_00000990,nuclear_receptor,D00312,hsa6097,17,18,18,17,0
NR_00000991,nuclear_receptor,D00316,hsa6097,18,18,18,18,0
NR_00000992,nuclear_receptor,D00327,hsa6097,19,18,18,19,0
NR_00000993,nuclear_receptor,D00348,hsa6097,20,18,18,20,0
NR_00000994,nuclear_receptor,D00443,hsa6097,21,18,18,21,0
NR_00000995,nuclear_receptor,D00462,hsa6097,22,18,18,22,0
NR_00000996,nuclear_receptor,D00506,hsa6097,23,18,18,23,0
NR_00000997,nuclear_receptor,D00554,hsa6097,24,18,18,24,0
NR_00000998,nuclear_receptor,D00565,hsa6097,25,18,18,25,0
NR_00000999,nuclear_receptor,D00577,hsa6097,26,18,18,26,0
NR_00001000,nuclear_receptor,D00585,hsa6097,27,18,18,27,0
NR_00001001,nuclear_receptor,D00586,hsa6097,28,18,18,28,0
NR_00001002,nuclear_receptor,D00596,hsa6097,29,18,18,29,0
NR_00001003,nuclear_receptor,D00627,hsa6097,30,18,18,30,0
NR_00001004,nuclear_receptor,D00690,hsa6097,31,18,18,31,0
NR_00001005,nuclear_receptor,D00730,hsa6097,32,18,18,32,0
NR_00001006,nuclear_receptor,D00898,hsa6097,33,18,18,33,0
NR_00001007,nuclear_receptor,D00930,hsa6097,34,18,18,34,0
NR_00001008,nuclear_receptor,D00950,hsa6097,35,18,18,35,0
NR_00001009,nuclear_receptor,D00951,hsa6097,36,18,18,36,0
NR_00001010,nuclear_receptor,D00954,hsa6097,37,18,18,37,0
NR_00001011,nuclear_receptor,D00956,hsa6097,38,18,18,38,0
NR_00001012,nuclear_receptor,D00961,hsa6097,39,18,18,39,0
NR_00001013,nuclear_receptor,D00962,hsa6097,40,18,18,40,0
NR_00001014,nuclear_receptor,D00965,hsa6097,41,18,18,41,0
NR_00001015,nuclear_receptor,D01115,hsa6097,42,18,18,42,0
NR_00001016,nuclear_receptor,D01132,hsa6097,43,18,18,43,0
NR_00001017,nuclear_receptor,D01161,hsa6097,44,18,18,44,0
NR_00001018,nuclear_receptor,D01217,hsa6097,45,18,18,45,0
NR_00001019,nuclear_receptor,D01294,hsa6097,46,18,18,46,0
NR_00001020,nuclear_receptor,D01387,hsa6097,47,18,18,47,0
NR_00001021,nuclear_receptor,D01441,hsa6097,48,18,18,48,0
NR_00001022,nuclear_receptor,D01689,hsa6097,49,18,18,49,0
NR_00001023,nuclear_receptor,D02217,hsa6097,50,18,18,50,0
NR_00001024,nuclear_receptor,D02367,hsa6097,51,18,18,51,0
NR_00001025,nuclear_receptor,D04066,hsa6097,52,18,18,52,0
NR_00001026,nuclear_receptor,D05341,hsa6097,53,18,18,53,0
NR_00001027,nuclear_receptor,D00040,hsa6256,0,19,19,0,0
NR_00001028,nuclear_receptor,D00066,hsa6256,1,19,19,1,0
NR_00001029,nuclear_receptor,D00067,hsa6256,2,19,19,2,0
NR_00001030,nuclear_receptor,D00075,hsa6256,3,19,19,3,0
NR_00001031,nuclear_receptor,D00088,hsa6256,4,19,19,4,0
NR_00001032,nuclear_receptor,D00094,hsa6256,5,19,19,5,1
NR_00001033,nuclear_receptor,D00105,hsa6256,6,19,19,6,0
NR_00001034,nuclear_receptor,D00129,hsa6256,7,19,19,7,0
NR_00001035,nuclear_receptor,D00143,hsa6256,8,19,19,8,0
NR_00001036,nuclear_receptor,D00163,hsa6256,9,19,19,9,0
NR_00001037,nuclear_receptor,D00182,hsa6256,10,19,19,10,0
NR_00001038,nuclear_receptor,D00187,hsa6256,11,19,19,11,0
NR_00001039,nuclear_receptor,D00188,hsa6256,12,19,19,12,0
NR_00001040,nuclear_receptor,D00211,hsa6256,13,19,19,13,0
NR_00001041,nuclear_receptor,D00246,hsa6256,14,19,19,14,0
NR_00001042,nuclear_receptor,D00279,hsa6256,15,19,19,15,0
NR_00001043,nuclear_receptor,D00299,hsa6256,16,19,19,16,0
NR_00001044,nuclear_receptor,D00312,hsa6256,17,19,19,17,0
NR_00001045,nuclear_receptor,D00316,hsa6256,18,19,19,18,1
NR_00001046,nuclear_receptor,D00327,hsa6256,19,19,19,19,0
NR_00001047,nuclear_receptor,D00348,hsa6256,20,19,19,20,0
NR_00001048,nuclear_receptor,D00443,hsa6256,21,19,19,21,0
NR_00001049,nuclear_receptor,D00462,hsa6256,22,19,19,22,0
NR_00001050,nuclear_receptor,D00506,hsa6256,23,19,19,23,0
NR_00001051,nuclear_receptor,D00554,hsa6256,24,19,19,24,0
NR_00001052,nuclear_receptor,D00565,hsa6256,25,19,19,25,0
NR_00001053,nuclear_receptor,D00577,hsa6256,26,19,19,26,0
NR_00001054,nuclear_receptor,D00585,hsa6256,27,19,19,27,0
NR_00001055,nuclear_receptor,D00586,hsa6256,28,19,19,28,0
NR_00001056,nuclear_receptor,D00596,hsa6256,29,19,19,29,0
NR_00001057,nuclear_receptor,D00627,hsa6256,30,19,19,30,0
NR_00001058,nuclear_receptor,D00690,hsa6256,31,19,19,31,0
NR_00001059,nuclear_receptor,D00730,hsa6256,32,19,19,32,0
NR_00001060,nuclear_receptor,D00898,hsa6256,33,19,19,33,0
NR_00001061,nuclear_receptor,D00930,hsa6256,34,19,19,34,0
NR_00001062,nuclear_receptor,D00950,hsa6256,35,19,19,35,0
NR_00001063,nuclear_receptor,D00951,hsa6256,36,19,19,36,0
NR_00001064,nuclear_receptor,D00954,hsa6256,37,19,19,37,0
NR_00001065,nuclear_receptor,D00956,hsa6256,38,19,19,38,0
NR_00001066,nuclear_receptor,D00961,hsa6256,39,19,19,39,0
NR_00001067,nuclear_receptor,D00962,hsa6256,40,19,19,40,0
NR_00001068,nuclear_receptor,D00965,hsa6256,41,19,19,41,0
NR_00001069,nuclear_receptor,D01115,hsa6256,42,19,19,42,0
NR_00001070,nuclear_receptor,D01132,hsa6256,43,19,19,43,1
NR_00001071,nuclear_receptor,D01161,hsa6256,44,19,19,44,0
NR_00001072,nuclear_receptor,D01217,hsa6256,45,19,19,45,0
NR_00001073,nuclear_receptor,D01294,hsa6256,46,19,19,46,0
NR_00001074,nuclear_receptor,D01387,hsa6256,47,19,19,47,0
NR_00001075,nuclear_receptor,D01441,hsa6256,48,19,19,48,0
NR_00001076,nuclear_receptor,D01689,hsa6256,49,19,19,49,0
NR_00001077,nuclear_receptor,D02217,hsa6256,50,19,19,50,0
NR_00001078,nuclear_receptor,D02367,hsa6256,51,19,19,51,0
NR_00001079,nuclear_receptor,D04066,hsa6256,52,19,19,52,0
NR_00001080,nuclear_receptor,D05341,hsa6256,53,19,19,53,0
NR_00001081,nuclear_receptor,D00040,hsa6257,0,20,20,0,0
NR_00001082,nuclear_receptor,D00066,hsa6257,1,20,20,1,0
NR_00001083,nuclear_receptor,D00067,hsa6257,2,20,20,2,0
NR_00001084,nuclear_receptor,D00075,hsa6257,3,20,20,3,0
NR_00001085,nuclear_receptor,D00088,hsa6257,4,20,20,4,0
NR_00001086,nuclear_receptor,D00094,hsa6257,5,20,20,5,1
NR_00001087,nuclear_receptor,D00105,hsa6257,6,20,20,6,0
NR_00001088,nuclear_receptor,D00129,hsa6257,7,20,20,7,0
NR_00001089,nuclear_receptor,D00143,hsa6257,8,20,20,8,0
NR_00001090,nuclear_receptor,D00163,hsa6257,9,20,20,9,0
NR_00001091,nuclear_receptor,D00182,hsa6257,10,20,20,10,0
NR_00001092,nuclear_receptor,D00187,hsa6257,11,20,20,11,0
NR_00001093,nuclear_receptor,D00188,hsa6257,12,20,20,12,0
NR_00001094,nuclear_receptor,D00211,hsa6257,13,20,20,13,0
NR_00001095,nuclear_receptor,D00246,hsa6257,14,20,20,14,0
NR_00001096,nuclear_receptor,D00279,hsa6257,15,20,20,15,0
NR_00001097,nuclear_receptor,D00299,hsa6257,16,20,20,16,0
NR_00001098,nuclear_receptor,D00312,hsa6257,17,20,20,17,0
NR_00001099,nuclear_receptor,D00316,hsa6257,18,20,20,18,1
NR_00001100,nuclear_receptor,D00327,hsa6257,19,20,20,19,0
NR_00001101,nuclear_receptor,D00348,hsa6257,20,20,20,20,0
NR_00001102,nuclear_receptor,D00443,hsa6257,21,20,20,21,0
NR_00001103,nuclear_receptor,D00462,hsa6257,22,20,20,22,0
NR_00001104,nuclear_receptor,D00506,hsa6257,23,20,20,23,0
NR_00001105,nuclear_receptor,D00554,hsa6257,24,20,20,24,0
NR_00001106,nuclear_receptor,D00565,hsa6257,25,20,20,25,0
NR_00001107,nuclear_receptor,D00577,hsa6257,26,20,20,26,0
NR_00001108,nuclear_receptor,D00585,hsa6257,27,20,20,27,0
NR_00001109,nuclear_receptor,D00586,hsa6257,28,20,20,28,0
NR_00001110,nuclear_receptor,D00596,hsa6257,29,20,20,29,0
NR_00001111,nuclear_receptor,D00627,hsa6257,30,20,20,30,0
NR_00001112,nuclear_receptor,D00690,hsa6257,31,20,20,31,0
NR_00001113,nuclear_receptor,D00730,hsa6257,32,20,20,32,0
NR_00001114,nuclear_receptor,D00898,hsa6257,33,20,20,33,0
NR_00001115,nuclear_receptor,D00930,hsa6257,34,20,20,34,0
NR_00001116,nuclear_receptor,D00950,hsa6257,35,20,20,35,0
NR_00001117,nuclear_receptor,D00951,hsa6257,36,20,20,36,0
NR_00001118,nuclear_receptor,D00954,hsa6257,37,20,20,37,0
NR_00001119,nuclear_receptor,D00956,hsa6257,38,20,20,38,0
NR_00001120,nuclear_receptor,D00961,hsa6257,39,20,20,39,0
NR_00001121,nuclear_receptor,D00962,hsa6257,40,20,20,40,0
NR_00001122,nuclear_receptor,D00965,hsa6257,41,20,20,41,0
NR_00001123,nuclear_receptor,D01115,hsa6257,42,20,20,42,0
NR_00001124,nuclear_receptor,D01132,hsa6257,43,20,20,43,1
NR_00001125,nuclear_receptor,D01161,hsa6257,44,20,20,44,0
NR_00001126,nuclear_receptor,D01217,hsa6257,45,20,20,45,0
NR_00001127,nuclear_receptor,D01294,hsa6257,46,20,20,46,0
NR_00001128,nuclear_receptor,D01387,hsa6257,47,20,20,47,0
NR_00001129,nuclear_receptor,D01441,hsa6257,48,20,20,48,0
NR_00001130,nuclear_receptor,D01689,hsa6257,49,20,20,49,0
NR_00001131,nuclear_receptor,D02217,hsa6257,50,20,20,50,0
NR_00001132,nuclear_receptor,D02367,hsa6257,51,20,20,51,0
NR_00001133,nuclear_receptor,D04066,hsa6257,52,20,20,52,0
NR_00001134,nuclear_receptor,D05341,hsa6257,53,20,20,53,0
NR_00001135,nuclear_receptor,D00040,hsa6258,0,21,21,0,0
NR_00001136,nuclear_receptor,D00066,hsa6258,1,21,21,1,0
NR_00001137,nuclear_receptor,D00067,hsa6258,2,21,21,2,0
NR_00001138,nuclear_receptor,D00075,hsa6258,3,21,21,3,0
NR_00001139,nuclear_receptor,D00088,hsa6258,4,21,21,4,0
NR_00001140,nuclear_receptor,D00094,hsa6258,5,21,21,5,1
NR_00001141,nuclear_receptor,D00105,hsa6258,6,21,21,6,0
NR_00001142,nuclear_receptor,D00129,hsa6258,7,21,21,7,0
NR_00001143,nuclear_receptor,D00143,hsa6258,8,21,21,8,0
NR_00001144,nuclear_receptor,D00163,hsa6258,9,21,21,9,0
NR_00001145,nuclear_receptor,D00182,hsa6258,10,21,21,10,0
NR_00001146,nuclear_receptor,D00187,hsa6258,11,21,21,11,0
NR_00001147,nuclear_receptor,D00188,hsa6258,12,21,21,12,0
NR_00001148,nuclear_receptor,D00211,hsa6258,13,21,21,13,0
NR_00001149,nuclear_receptor,D00246,hsa6258,14,21,21,14,0
NR_00001150,nuclear_receptor,D00279,hsa6258,15,21,21,15,0
NR_00001151,nuclear_receptor,D00299,hsa6258,16,21,21,16,0
NR_00001152,nuclear_receptor,D00312,hsa6258,17,21,21,17,0
NR_00001153,nuclear_receptor,D00316,hsa6258,18,21,21,18,1
NR_00001154,nuclear_receptor,D00327,hsa6258,19,21,21,19,0
NR_00001155,nuclear_receptor,D00348,hsa6258,20,21,21,20,0
NR_00001156,nuclear_receptor,D00443,hsa6258,21,21,21,21,0
NR_00001157,nuclear_receptor,D00462,hsa6258,22,21,21,22,0
NR_00001158,nuclear_receptor,D00506,hsa6258,23,21,21,23,0
NR_00001159,nuclear_receptor,D00554,hsa6258,24,21,21,24,0
NR_00001160,nuclear_receptor,D00565,hsa6258,25,21,21,25,0
NR_00001161,nuclear_receptor,D00577,hsa6258,26,21,21,26,0
NR_00001162,nuclear_receptor,D00585,hsa6258,27,21,21,27,0
NR_00001163,nuclear_receptor,D00586,hsa6258,28,21,21,28,0
NR_00001164,nuclear_receptor,D00596,hsa6258,29,21,21,29,0
NR_00001165,nuclear_receptor,D00627,hsa6258,30,21,21,30,0
NR_00001166,nuclear_receptor,D00690,hsa6258,31,21,21,31,0
NR_00001167,nuclear_receptor,D00730,hsa6258,32,21,21,32,0
NR_00001168,nuclear_receptor,D00898,hsa6258,33,21,21,33,0
NR_00001169,nuclear_receptor,D00930,hsa6258,34,21,21,34,0
NR_00001170,nuclear_receptor,D00950,hsa6258,35,21,21,35,0
NR_00001171,nuclear_receptor,D00951,hsa6258,36,21,21,36,0
NR_00001172,nuclear_receptor,D00954,hsa6258,37,21,21,37,0
NR_00001173,nuclear_receptor,D00956,hsa6258,38,21,21,38,0
NR_00001174,nuclear_receptor,D00961,hsa6258,39,21,21,39,0
NR_00001175,nuclear_receptor,D00962,hsa6258,40,21,21,40,0
NR_00001176,nuclear_receptor,D00965,hsa6258,41,21,21,41,0
NR_00001177,nuclear_receptor,D01115,hsa6258,42,21,21,42,0
NR_00001178,nuclear_receptor,D01132,hsa6258,43,21,21,43,1
NR_00001179,nuclear_receptor,D01161,hsa6258,44,21,21,44,0
NR_00001180,nuclear_receptor,D01217,hsa6258,45,21,21,45,0
NR_00001181,nuclear_receptor,D01294,hsa6258,46,21,21,46,0
NR_00001182,nuclear_receptor,D01387,hsa6258,47,21,21,47,0
NR_00001183,nuclear_receptor,D01441,hsa6258,48,21,21,48,0
NR_00001184,nuclear_receptor,D01689,hsa6258,49,21,21,49,0
NR_00001185,nuclear_receptor,D02217,hsa6258,50,21,21,50,0
NR_00001186,nuclear_receptor,D02367,hsa6258,51,21,21,51,0
NR_00001187,nuclear_receptor,D04066,hsa6258,52,21,21,52,0
NR_00001188,nuclear_receptor,D05341,hsa6258,53,21,21,53,0
NR_00001189,nuclear_receptor,D00040,hsa7421,0,22,22,0,0
NR_00001190,nuclear_receptor,D00066,hsa7421,1,22,22,1,0
NR_00001191,nuclear_receptor,D00067,hsa7421,2,22,22,2,0
NR_00001192,nuclear_receptor,D00075,hsa7421,3,22,22,3,0
NR_00001193,nuclear_receptor,D00088,hsa7421,4,22,22,4,0
NR_00001194,nuclear_receptor,D00094,hsa7421,5,22,22,5,0
NR_00001195,nuclear_receptor,D00105,hsa7421,6,22,22,6,0
NR_00001196,nuclear_receptor,D00129,hsa7421,7,22,22,7,1
NR_00001197,nuclear_receptor,D00143,hsa7421,8,22,22,8,0
NR_00001198,nuclear_receptor,D00163,hsa7421,9,22,22,9,0
NR_00001199,nuclear_receptor,D00182,hsa7421,10,22,22,10,0
NR_00001200,nuclear_receptor,D00187,hsa7421,11,22,22,11,1
NR_00001201,nuclear_receptor,D00188,hsa7421,12,22,22,12,1
NR_00001202,nuclear_receptor,D00211,hsa7421,13,22,22,13,0
NR_00001203,nuclear_receptor,D00246,hsa7421,14,22,22,14,0
NR_00001204,nuclear_receptor,D00279,hsa7421,15,22,22,15,0
NR_00001205,nuclear_receptor,D00299,hsa7421,16,22,22,16,1
NR_00001206,nuclear_receptor,D00312,hsa7421,17,22,22,17,0
NR_00001207,nuclear_receptor,D00316,hsa7421,18,22,22,18,0
NR_00001208,nuclear_receptor,D00327,hsa7421,19,22,22,19,0
NR_00001209,nuclear_receptor,D00348,hsa7421,20,22,22,20,0
NR_00001210,nuclear_receptor,D00443,hsa7421,21,22,22,21,0
NR_00001211,nuclear_receptor,D00462,hsa7421,22,22,22,22,0
NR_00001212,nuclear_receptor,D00506,hsa7421,23,22,22,23,0
NR_00001213,nuclear_receptor,D00554,hsa7421,24,22,22,24,0
NR_00001214,nuclear_receptor,D00565,hsa7421,25,22,22,25,0
NR_00001215,nuclear_receptor,D00577,hsa7421,26,22,22,26,0
NR_00001216,nuclear_receptor,D00585,hsa7421,27,22,22,27,0
NR_00001217,nuclear_receptor,D00586,hsa7421,28,22,22,28,0
NR_00001218,nuclear_receptor,D00596,hsa7421,29,22,22,29,0
NR_00001219,nuclear_receptor,D00627,hsa7421,30,22,22,30,0
NR_00001220,nuclear_receptor,D00690,hsa7421,31,22,22,31,0
NR_00001221,nuclear_receptor,D00730,hsa7421,32,22,22,32,0
NR_00001222,nuclear_receptor,D00898,hsa7421,33,22,22,33,0
NR_00001223,nuclear_receptor,D00930,hsa7421,34,22,22,34,1
NR_00001224,nuclear_receptor,D00950,hsa7421,35,22,22,35,0
NR_00001225,nuclear_receptor,D00951,hsa7421,36,22,22,36,0
NR_00001226,nuclear_receptor,D00954,hsa7421,37,22,22,37,0
NR_00001227,nuclear_receptor,D00956,hsa7421,38,22,22,38,0
NR_00001228,nuclear_receptor,D00961,hsa7421,39,22,22,39,0
NR_00001229,nuclear_receptor,D00962,hsa7421,40,22,22,40,0
NR_00001230,nuclear_receptor,D00965,hsa7421,41,22,22,41,0
NR_00001231,nuclear_receptor,D01115,hsa7421,42,22,22,42,0
NR_00001232,nuclear_receptor,D01132,hsa7421,43,22,22,43,0
NR_00001233,nuclear_receptor,D01161,hsa7421,44,22,22,44,0
NR_00001234,nuclear_receptor,D01217,hsa7421,45,22,22,45,0
NR_00001235,nuclear_receptor,D01294,hsa7421,46,22,22,46,0
NR_00001236,nuclear_receptor,D01387,hsa7421,47,22,22,47,0
NR_00001237,nuclear_receptor,D01441,hsa7421,48,22,22,48,0
NR_00001238,nuclear_receptor,D01689,hsa7421,49,22,22,49,0
NR_00001239,nuclear_receptor,D02217,hsa7421,50,22,22,50,0
NR_00001240,nuclear_receptor,D02367,hsa7421,51,22,22,51,0
NR_00001241,nuclear_receptor,D04066,hsa7421,52,22,22,52,0
NR_00001242,nuclear_receptor,D05341,hsa7421,53,22,22,53,0
NR_00001243,nuclear_receptor,D00040,hsa8856,0,23,23,0,0
NR_00001244,nuclear_receptor,D00066,hsa8856,1,23,23,1,0
NR_00001245,nuclear_receptor,D00067,hsa8856,2,23,23,2,0
NR_00001246,nuclear_receptor,D00075,hsa8856,3,23,23,3,0
NR_00001247,nuclear_receptor,D00088,hsa8856,4,23,23,4,0
NR_00001248,nuclear_receptor,D00094,hsa8856,5,23,23,5,0
NR_00001249,nuclear_receptor,D00105,hsa8856,6,23,23,6,0
NR_00001250,nuclear_receptor,D00129,hsa8856,7,23,23,7,0
NR_00001251,nuclear_receptor,D00143,hsa8856,8,23,23,8,1
NR_00001252,nuclear_receptor,D00163,hsa8856,9,23,23,9,0
NR_00001253,nuclear_receptor,D00182,hsa8856,10,23,23,10,0
NR_00001254,nuclear_receptor,D00187,hsa8856,11,23,23,11,0
NR_00001255,nuclear_receptor,D00188,hsa8856,12,23,23,12,0
NR_00001256,nuclear_receptor,D00211,hsa8856,13,23,23,13,1
NR_00001257,nuclear_receptor,D00246,hsa8856,14,23,23,14,0
NR_00001258,nuclear_receptor,D00279,hsa8856,15,23,23,15,0
NR_00001259,nuclear_receptor,D00299,hsa8856,16,23,23,16,0
NR_00001260,nuclear_receptor,D00312,hsa8856,17,23,23,17,0
NR_00001261,nuclear_receptor,D00316,hsa8856,18,23,23,18,0
NR_00001262,nuclear_receptor,D00327,hsa8856,19,23,23,19,0
NR_00001263,nuclear_receptor,D00348,hsa8856,20,23,23,20,0
NR_00001264,nuclear_receptor,D00443,hsa8856,21,23,23,21,0
NR_00001265,nuclear_receptor,D00462,hsa8856,22,23,23,22,0
NR_00001266,nuclear_receptor,D00506,hsa8856,23,23,23,23,0
NR_00001267,nuclear_receptor,D00554,hsa8856,24,23,23,24,0
NR_00001268,nuclear_receptor,D00565,hsa8856,25,23,23,25,0
NR_00001269,nuclear_receptor,D00577,hsa8856,26,23,23,26,0
NR_00001270,nuclear_receptor,D00585,hsa8856,27,23,23,27,0
NR_00001271,nuclear_receptor,D00586,hsa8856,28,23,23,28,0
NR_00001272,nuclear_receptor,D00596,hsa8856,29,23,23,29,0
NR_00001273,nuclear_receptor,D00627,hsa8856,30,23,23,30,0
NR_00001274,nuclear_receptor,D00690,hsa8856,31,23,23,31,0
NR_00001275,nuclear_receptor,D00730,hsa8856,32,23,23,32,1
NR_00001276,nuclear_receptor,D00898,hsa8856,33,23,23,33,0
NR_00001277,nuclear_receptor,D00930,hsa8856,34,23,23,34,0
NR_00001278,nuclear_receptor,D00950,hsa8856,35,23,23,35,0
NR_00001279,nuclear_receptor,D00951,hsa8856,36,23,23,36,0
NR_00001280,nuclear_receptor,D00954,hsa8856,37,23,23,37,0
NR_00001281,nuclear_receptor,D00956,hsa8856,38,23,23,38,0
NR_00001282,nuclear_receptor,D00961,hsa8856,39,23,23,39,0
NR_00001283,nuclear_receptor,D00962,hsa8856,40,23,23,40,0
NR_00001284,nuclear_receptor,D00965,hsa8856,41,23,23,41,0
NR_00001285,nuclear_receptor,D01115,hsa8856,42,23,23,42,0
NR_00001286,nuclear_receptor,D01132,hsa8856,43,23,23,43,0
NR_00001287,nuclear_receptor,D01161,hsa8856,44,23,23,44,0
NR_00001288,nuclear_receptor,D01217,hsa8856,45,23,23,45,0
NR_00001289,nuclear_receptor,D01294,hsa8856,46,23,23,46,0
NR_00001290,nuclear_receptor,D01387,hsa8856,47,23,23,47,0
NR_00001291,nuclear_receptor,D01441,hsa8856,48,23,23,48,0
NR_00001292,nuclear_receptor,D01689,hsa8856,49,23,23,49,0
NR_00001293,nuclear_receptor,D02217,hsa8856,50,23,23,50,0
NR_00001294,nuclear_receptor,D02367,hsa8856,51,23,23,51,0
NR_00001295,nuclear_receptor,D04066,hsa8856,52,23,23,52,0
NR_00001296,nuclear_receptor,D05341,hsa8856,53,23,23,53,0
NR_00001297,nuclear_receptor,D00040,hsa9970,0,24,24,0,0
NR_00001298,nuclear_receptor,D00066,hsa9970,1,24,24,1,0
NR_00001299,nuclear_receptor,D00067,hsa9970,2,24,24,2,0
NR_00001300,nuclear_receptor,D00075,hsa9970,3,24,24,3,0
NR_00001301,nuclear_receptor,D00088,hsa9970,4,24,24,4,0
NR_00001302,nuclear_receptor,D00094,hsa9970,5,24,24,5,0
NR_00001303,nuclear_receptor,D00105,hsa9970,6,24,24,6,0
NR_00001304,nuclear_receptor,D00129,hsa9970,7,24,24,7,0
NR_00001305,nuclear_receptor,D00143,hsa9970,8,24,24,8,0
NR_00001306,nuclear_receptor,D00163,hsa9970,9,24,24,9,0
NR_00001307,nuclear_receptor,D00182,hsa9970,10,24,24,10,0
NR_00001308,nuclear_receptor,D00187,hsa9970,11,24,24,11,0
NR_00001309,nuclear_receptor,D00188,hsa9970,12,24,24,12,0
NR_00001310,nuclear_receptor,D00211,hsa9970,13,24,24,13,0
NR_00001311,nuclear_receptor,D00246,hsa9970,14,24,24,14,0
NR_00001312,nuclear_receptor,D00279,hsa9970,15,24,24,15,0
NR_00001313,nuclear_receptor,D00299,hsa9970,16,24,24,16,0
NR_00001314,nuclear_receptor,D00312,hsa9970,17,24,24,17,0
NR_00001315,nuclear_receptor,D00316,hsa9970,18,24,24,18,0
NR_00001316,nuclear_receptor,D00327,hsa9970,19,24,24,19,0
NR_00001317,nuclear_receptor,D00348,hsa9970,20,24,24,20,0
NR_00001318,nuclear_receptor,D00443,hsa9970,21,24,24,21,0
NR_00001319,nuclear_receptor,D00462,hsa9970,22,24,24,22,0
NR_00001320,nuclear_receptor,D00506,hsa9970,23,24,24,23,1
NR_00001321,nuclear_receptor,D00554,hsa9970,24,24,24,24,0
NR_00001322,nuclear_receptor,D00565,hsa9970,25,24,24,25,0
NR_00001323,nuclear_receptor,D00577,hsa9970,26,24,24,26,0
NR_00001324,nuclear_receptor,D00585,hsa9970,27,24,24,27,0
NR_00001325,nuclear_receptor,D00586,hsa9970,28,24,24,28,0
NR_00001326,nuclear_receptor,D00596,hsa9970,29,24,24,29,0
NR_00001327,nuclear_receptor,D00627,hsa9970,30,24,24,30,0
NR_00001328,nuclear_receptor,D00690,hsa9970,31,24,24,31,0
NR_00001329,nuclear_receptor,D00730,hsa9970,32,24,24,32,0
NR_00001330,nuclear_receptor,D00898,hsa9970,33,24,24,33,0
NR_00001331,nuclear_receptor,D00930,hsa9970,34,24,24,34,0
NR_00001332,nuclear_receptor,D00950,hsa9970,35,24,24,35,0
NR_00001333,nuclear_receptor,D00951,hsa9970,36,24,24,36,0
NR_00001334,nuclear_receptor,D00954,hsa9970,37,24,24,37,0
NR_00001335,nuclear_receptor,D00956,hsa9970,38,24,24,38,0
NR_00001336,nuclear_receptor,D00961,hsa9970,39,24,24,39,0
NR_00001337,nuclear_receptor,D00962,hsa9970,40,24,24,40,0
NR_00001338,nuclear_receptor,D00965,hsa9970,41,24,24,41,0
NR_00001339,nuclear_receptor,D01115,hsa9970,42,24,24,42,0
NR_00001340,nuclear_receptor,D01132,hsa9970,43,24,24,43,0
NR_00001341,nuclear_receptor,D01161,hsa9970,44,24,24,44,0
NR_00001342,nuclear_receptor,D01217,hsa9970,45,24,24,45,0
NR_00001343,nuclear_receptor,D01294,hsa9970,46,24,24,46,0
NR_00001344,nuclear_receptor,D01387,hsa9970,47,24,24,47,0
NR_00001345,nuclear_receptor,D01441,hsa9970,48,24,24,48,0
NR_00001346,nuclear_receptor,D01689,hsa9970,49,24,24,49,0
NR_00001347,nuclear_receptor,D02217,hsa9970,50,24,24,50,0
NR_00001348,nuclear_receptor,D02367,hsa9970,51,24,24,51,0
NR_00001349,nuclear_receptor,D04066,hsa9970,52,24,24,52,0
NR_00001350,nuclear_receptor,D05341,hsa9970,53,24,24,53,0
NR_00001351,nuclear_receptor,D00040,hsa9971,0,25,25,0,0
NR_00001352,nuclear_receptor,D00066,hsa9971,1,25,25,1,0
NR_00001353,nuclear_receptor,D00067,hsa9971,2,25,25,2,0
NR_00001354,nuclear_receptor,D00075,hsa9971,3,25,25,3,0
NR_00001355,nuclear_receptor,D00088,hsa9971,4,25,25,4,0
NR_00001356,nuclear_receptor,D00094,hsa9971,5,25,25,5,0
NR_00001357,nuclear_receptor,D00105,hsa9971,6,25,25,6,0
NR_00001358,nuclear_receptor,D00129,hsa9971,7,25,25,7,0
NR_00001359,nuclear_receptor,D00143,hsa9971,8,25,25,8,0
NR_00001360,nuclear_receptor,D00163,hsa9971,9,25,25,9,1
NR_00001361,nuclear_receptor,D00182,hsa9971,10,25,25,10,0
NR_00001362,nuclear_receptor,D00187,hsa9971,11,25,25,11,0
NR_00001363,nuclear_receptor,D00188,hsa9971,12,25,25,12,0
NR_00001364,nuclear_receptor,D00211,hsa9971,13,25,25,13,0
NR_00001365,nuclear_receptor,D00246,hsa9971,14,25,25,14,0
NR_00001366,nuclear_receptor,D00279,hsa9971,15,25,25,15,0
NR_00001367,nuclear_receptor,D00299,hsa9971,16,25,25,16,0
NR_00001368,nuclear_receptor,D00312,hsa9971,17,25,25,17,0
NR_00001369,nuclear_receptor,D00316,hsa9971,18,25,25,18,0
NR_00001370,nuclear_receptor,D00327,hsa9971,19,25,25,19,0
NR_00001371,nuclear_receptor,D00348,hsa9971,20,25,25,20,0
NR_00001372,nuclear_receptor,D00443,hsa9971,21,25,25,21,0
NR_00001373,nuclear_receptor,D00462,hsa9971,22,25,25,22,0
NR_00001374,nuclear_receptor,D00506,hsa9971,23,25,25,23,0
NR_00001375,nuclear_receptor,D00554,hsa9971,24,25,25,24,0
NR_00001376,nuclear_receptor,D00565,hsa9971,25,25,25,25,0
NR_00001377,nuclear_receptor,D00577,hsa9971,26,25,25,26,0
NR_00001378,nuclear_receptor,D00585,hsa9971,27,25,25,27,0
NR_00001379,nuclear_receptor,D00586,hsa9971,28,25,25,28,0
NR_00001380,nuclear_receptor,D00596,hsa9971,29,25,25,29,0
NR_00001381,nuclear_receptor,D00627,hsa9971,30,25,25,30,0
NR_00001382,nuclear_receptor,D00690,hsa9971,31,25,25,31,0
NR_00001383,nuclear_receptor,D00730,hsa9971,32,25,25,32,0
NR_00001384,nuclear_receptor,D00898,hsa9971,33,25,25,33,0
NR_00001385,nuclear_receptor,D00930,hsa9971,34,25,25,34,0
NR_00001386,nuclear_receptor,D00950,hsa9971,35,25,25,35,0
NR_00001387,nuclear_receptor,D00951,hsa9971,36,25,25,36,0
NR_00001388,nuclear_receptor,D00954,hsa9971,37,25,25,37,0
NR_00001389,nuclear_receptor,D00956,hsa9971,38,25,25,38,0
NR_00001390,nuclear_receptor,D00961,hsa9971,39,25,25,39,0
NR_00001391,nuclear_receptor,D00962,hsa9971,40,25,25,40,0
NR_00001392,nuclear_receptor,D00965,hsa9971,41,25,25,41,0
NR_00001393,nuclear_receptor,D01115,hsa9971,42,25,25,42,0
NR_00001394,nuclear_receptor,D01132,hsa9971,43,25,25,43,0
NR_00001395,nuclear_receptor,D01161,hsa9971,44,25,25,44,0
NR_00001396,nuclear_receptor,D01217,hsa9971,45,25,25,45,0
NR_00001397,nuclear_receptor,D01294,hsa9971,46,25,25,46,0
NR_00001398,nuclear_receptor,D01387,hsa9971,47,25,25,47,0
NR_00001399,nuclear_receptor,D01441,hsa9971,48,25,25,48,0
NR_00001400,nuclear_receptor,D01689,hsa9971,49,25,25,49,0
NR_00001401,nuclear_receptor,D02217,hsa9971,50,25,25,50,0
NR_00001402,nuclear_receptor,D02367,hsa9971,51,25,25,51,0
NR_00001403,nuclear_receptor,D04066,hsa9971,52,25,25,52,0
NR_00001404,nuclear_receptor,D05341,hsa9971,53,25,25,53,0
